Timestamp,Email Address,Do you agree to participate in this academic reserach survey,Age,Height,Weight,How regular are your periods,How often do you miss you periods,How does long your periods usually last,Have you noticed a significant change in your periods during the last year,Do you experience unusually heavy menstrual bleeding,Do you experience exceesive facial & body hair growth,Do you experience acne,  Where does your acne commonly occur  , Have you experienced unusual hair thinning or hair loss   ,   Have you experienced unexplained weight gain?  ,"Have you noticed dark or thickened skin, especially around your neck   ",  How many days per week do you perform exercise  ,  Approximately how long do you exercise per session  ,  What type of physical activity do you usually perform  ,  How many hours do you usually sleep per night  ,  How would you describe your usual stress level  ,How frequently do you consume sugary drinks or foods  ,How frequently do you consume fast food or highly processed food? ,  How frequently do you eat fruits and vegetables?  ,  What type of diet do you mainly follow  ,  How many meals do you usually have per day?  ,How often do you experienced sugar cravings,Does anyone from your family have a pcos ,Have you ever diagnosed by Doctor
8/29/2026 20:38:47,pooja.pawarr.07@gmail.com,yes,20,4'9,55,regular,Never,3-5 days,yes,Not sure,No,Mild,"Cheeks, Back",Yes,Yes,No,0 days,Never,Walking,7-8 hours,Moderate,3–4 times per week,1–2 times per week,1 serving per days,Non-vegetarian,3,Sometimes,No,No
8/29/2026 20:47:52,sarusawant21@gmail.com,yes,38,4'8,55,regular,Never,3-5 days,no,Never,No,Mild,Cheeks,Yes,Yes,Yes,Never,Never,None,7-8 hours,Moderate,3–4 times per week,Almost every day,2-3 servings per days,Vegetarian,4,Never,No,No
8/29/2026 20:48:42,riya72018@gmail.com,yes,20,5`7,48,regular,Never,6-7 days,no,rarely,No,Mild,"Chin, Cheeks",Yes,Not Sure,No,0 days,Never,Walking,7-8 hours,Moderate,Almost every day,Almost every day,more than 3 servings per days,Non-vegetarian,1–2,Sometimes,No,Yes
8/29/2026 20:49:20,aparnam.pawar18@gmail.com,yes,44,4'3,65,Irregular,Sometimes,3-5 days,yes,rarely,Yes,No,None,Yes,Yes,No,Never,Never,Walking,5-6 hours,Moderate,Almost every day,Rarely,Rarely,Vegetarian,3,Sometimes,No,Yes
8/29/2026 20:57:22,veena.18may@gmail.com,yes,38,5'2,43,regular,Never,3-5 days,no,rarely,No,Mild,Cheeks,Yes,No,No,3-4 days,30–60 minutes,"Walking, Yoga",7-8 hours,Low,Rarely,Rarely,2-3 servings per days,Vegetarian,3,Rarely,No,No
8/29/2026 21:03:58,kariyapalak05@gmail.com,yes,18,5'7,65,regular,Never,1-2 days,yes,Never,No,No,Back,Yes,Yes,No,Never,Less than 15 minutes,Walking,5-6 hours,Low,Rarely,3–4 times per week,1 serving per days,Vegetarian,3,Almost every day,No,No
8/29/2026 21:24:14,arpita2september@gmail.com,yes,21,5'3,66,regular,Never,6-7 days,no,rarely,No,Mild,"Chin, Forehead, Cheeks",No,Yes,Yes,Never,Never,Walking,7-8 hours,Moderate,1–2 times per week,1–2 times per week,2-3 servings per days,Non-vegetarian,1–2,Sometimes,No,Yes
8/29/2026 21:29:45,ruchitautekar26@gmail.com,yes,24,4'9,38,Sometimes irregular,Never,3-5 days,no,rarely,No,No,None,Yes,No,No,Never,Never,Walking,7-8 hours,Moderate,Rarely,1–2 times per week,Rarely,Non-vegetarian,3,Rarely,No,No
8/30/2026 10:53:14,shravanisd22hdcomp@student.mes.ac.in,yes,20,156,62,Sometimes irregular,Never,3-5 days,yes,Sometimes,No,Moderate,"Chin, Forehead, Cheeks",No,Yes,No,3-4 days,Less than 15 minutes,"Walking, ",7-8 hours,High,Rarely,1–2 times per week,2-3 servings per days,Non-vegetarian,1–2,Rarely,Yes,Yes
8/30/2026 10:55:14,dikshadayal2004@gmail.com,yes,21,5'2,55,regular,Never,3-5 days,no,rarely,No,Moderate,"Forehead, Cheeks",No,Yes,Yes,1-2 days,15–30 minutes,Walking,5-6 hours,Moderate,1–2 times per week,1–2 times per week,1 serving per days,Vegetarian,3,Rarely,No,No
8/30/2026 11:51:19,saanvimyk@gmail.com,yes,19,5’3,40,Not Sure,rarely,6-7 days,no,Sometimes,No,Moderate,Cheeks,No,No,No,3-4 days,More than 60 minutes,"Walking, Cycling, GYM",5-6 hours,Moderate,Rarely,1–2 times per week,1 serving per days,"Depends, both",3,Rarely,No,Yes
8/30/2026 11:55:12,tanvimusale21@gmail.com,yes,20,5 ft,50,Irregular,Sometimes,3-5 days,yes,Sometimes,Yes,Mild,"Forehead, Cheeks",Yes,Yes,Not Sure,Never,Never,Walking,7-8 hours,High,3–4 times per week,1–2 times per week,Rarely,Non-vegetarian,1–2,Sometimes,Yes,No
8/30/2026 12:10:17,thakarepooja86@gmail.com,yes,20,4'8,50,regular,Never,3-5 days,no,Never,No,Mild,Cheeks,No,Not Sure,No,1-2 days,30–60 minutes,Yoga,5-6 hours,Low,1–2 times per week,1–2 times per week,2-3 servings per days,Both balanced,3,Rarely,No,No
8/30/2026 12:19:34,hetalpathak2831@gmail.com,yes,20,5.0 feet,58,regular,Never,3-5 days,yes,rarely,No,Mild,"Chin, Forehead",No,Yes,No,3-4 days,30–60 minutes,"Walking, GYM",7-8 hours,Moderate,Rarely,1–2 times per week,1 serving per days,Vegetarian,3,Sometimes,No,Yes
8/30/2026 12:50:26,deshmukhria890@gmail.com,yes,23,4'5,43,Irregular,Frequently,3-5 days,yes,rarely,Yes,Mild,Cheeks,Yes,No,No,1-2 days,30–60 minutes,GYM,More than 8 hours,Moderate,1–2 times per week,1–2 times per week,2-3 servings per days,Both,3,Rarely,No,Yes
8/30/2026 17:52:50,hashadpm45@gmail.com,yes,19,4'11,39,Sometimes irregular,Frequently,more than 7 days,yes,rarely,No,Moderate,Forehead,No,No,No,0 days,Never,Walking,7-8 hours,Moderate,Rarely,1–2 times per week,1 serving per days,Vegetarian,5 or more,Rarely,No,No
8/30/2026 18:16:45,truptisanap75@gmail.com,yes,21,5'3,50,regular,rarely,3-5 days,yes,Never,Yes,No,Cheeks,No,No,No,3-4 days,30–60 minutes,"Yoga, GYM",7-8 hours,Moderate,1–2 times per week,Rarely,1 serving per days,Both,1–2,Rarely,Yes,Yes
8/30/2026 18:32:52,thorvebhumika@gmail.com,yes,21,4'1,40,regular,Sometimes,3-5 days,no,Not sure,No,No,"None, ",No,No,Yes,3-4 days,15–30 minutes,Yoga,5-6 hours,Moderate,Rarely,Rarely,1 serving per days,Both,3,Rarely,No,Yes
8/30/2026 18:35:45,sanika.tiwari10@gmail.com,yes,21,164,39,regular,Never,6-7 days,no,Sometimes,Yes,Mild,"Forehead, Cheeks",Yes,No,No,Never,Never,None,7-8 hours,High,3–4 times per week,1–2 times per week,2-3 servings per days,Non-vegetarian,3,Rarely,No,Yes
8/30/2026 18:52:50,snehagaikwad0904@gmail.com,yes,18,5'4,45,regular,rarely,1-2 days,yes,rarely,Yes,Mild,"Forehead, Back",Yes,Yes,Yes,0 days,Less than 15 minutes,Walking,5-6 hours,Moderate,1–2 times per week,Rarely,Rarely,Non-vegetarian,1–2,Never,No,Yes
8/30/2026 18:56:38,ritupandey1720@gmail.com,yes,19,5'2,55,Irregular,rarely,3-5 days,no,rarely,Not sure,Moderate,Chin,Yes,No,No,Never,Never,"Walking, Sports",5-6 hours,Moderate,Rarely,3–4 times per week,Rarely,Vegetarian,1–2,Rarely,No,No
8/30/2026 18:58:39,ruchitagawand26@gmail.com,yes,19,5'2,43,regular,Never,3-5 days,no,Sometimes,Not sure,Moderate,"Chin, Cheeks",Yes,No,No,0 days,Never,Walking,5-6 hours,High,Rarely,Almost every day,1 serving per days,Non-vegetarian,1–2,Sometimes,Yes,No
8/30/2026 19:01:32,bhargavigharat1411@gmail.com,yes,18,5’2,62,Sometimes irregular,Never,6-7 days,yes,Frequently,Not sure,Moderate,"Chin, Forehead, Jawline",Yes,Yes,No,1-2 days,15–30 minutes,Walking,More than 8 hours,Low,3–4 times per week,3–4 times per week,2-3 servings per days,Non-vegetarian,1–2,Sometimes,Don't Know,No
8/30/2026 19:08:10,vaidehi.pawar107@gmail.com,yes,18,5'2,60,Irregular,rarely,3-5 days,yes,Sometimes,Yes,Moderate,"Chin, Forehead",No,Yes,Yes,1-2 days,Less than 15 minutes,Walking,5-6 hours,High,Almost every day,3–4 times per week,2-3 servings per days,Non-vegetarian,3,Almost every day,No,Yes
8/30/2026 19:11:53,aditimundhe05@gmail.com,yes,21,5'2,41,regular,rarely,3-5 days,no,Never,Yes,Mild,"Forehead, Cheeks",Yes,No,No,1-2 days,15–30 minutes,"Walking, Yoga",7-8 hours,Moderate,Rarely,Rarely,1 serving per days,Vegetarian,1–2,Rarely,Don't Know,No
8/30/2026 19:16:03,sharvariamirgal@gmail.com,yes,18,5'1,48,regular,rarely,3-5 days,no,Sometimes,No,Mild,"Forehead, Cheeks, Jawline",Yes,No,No,1-2 days,15–30 minutes,Walking,5-6 hours,Low,Rarely,Rarely,1 serving per days,Non-vegetarian,1–2,Sometimes,No,No
8/30/2026 19:21:00,gayatri.ghodvinde08@gmail.com,yes,19,5,41,regular,Never,1-2 days,no,Sometimes,No,Mild,Cheeks,Yes,No,No,Never,Never,Walking,7-8 hours,Moderate,Rarely,1–2 times per week,2-3 servings per days,Vegetarian,1–2,Never,No,No
8/30/2026 19:26:52,kaminigj22hdcomp@student.mes.ac.in,yes,20,5'1,61,Sometimes irregular,rarely,more than 7 days,yes,Frequently,Yes,No,None,No,Yes,Yes,0 days,Never,None,7-8 hours,High,Almost every day,3–4 times per week,1 serving per days,Vegetarian,1–2,Sometimes,No,Yes
8/30/2026 20:39:28,vedikamahadik41@gmail.com,yes,18,156,45,regular,Never,3-5 days,no,Sometimes,No,No,None,Yes,Not Sure,No,1-2 days,Less than 15 minutes,Walking,More than 8 hours,Moderate,1–2 times per week,1–2 times per week,2-3 servings per days,Vegetarian,3,Almost every day,No,No
8/31/2026 12:43:59,kamblevandna54@gmail.com,yes,20,5'4,75,Irregular,Frequently,more than 7 days,yes,Sometimes,Not sure,Moderate,Forehead,Yes,Yes,Yes,1-2 days,15–30 minutes,"Walking, Yoga",7-8 hours,Moderate,1–2 times per week,Rarely,2-3 servings per days,Non-vegetarian,3,Sometimes,Don't Know,Yes
8/31/2026 13:21:27,asmitaad24hite@student.mes.ac.in,no,20,154cm,45,Sometimes irregular,Sometimes,6-7 days,no,Sometimes,Yes,Mild,"Forehead, Cheeks",Yes,Yes,Not Sure,Never,Never,None,7-8 hours,High,3–4 times per week,3–4 times per week,1 serving per days,Vegetarian,3,Rarely,No,No
8/31/2026 14:35:30,prarthanaym23hcompe@student.mes.ac.in,yes,21,4'11,38,Sometimes irregular,Sometimes,3-5 days,no,Never,No,Mild,Cheeks,Yes,No,Not Sure,0 days,Never,Walking,7-8 hours,High,Rarely,1–2 times per week,1 serving per days,Non-vegetarian,3,Rarely,No,Yes
8/31/2026 14:58:59,shravanitelavane@gmail.com,yes,20,5'5,79,Irregular,Frequently,3-5 days,yes,Not sure,Yes,Mild,"Jawline, Chest",No,Yes,Yes,3-4 days,30–60 minutes,Yoga,7-8 hours,Moderate,1–2 times per week,Rarely,1 serving per days,Non-vegetarian,3,Sometimes,Yes,Yes
8/31/2026 14:59:13,harshadan23hcompe@student.mes.ac.in,yes,21,149 cm,40,regular,Never,6-7 days,no,Never,Yes,Moderate,Cheeks,Yes,No,No,0 days,30–60 minutes,Sports,7-8 hours,Moderate,Rarely,1–2 times per week,2-3 servings per days,Non-vegetarian,3,Rarely,No,No
8/31/2026 15:05:46,shelarvedanti485@gmail.com,yes,20,6 ft,60,regular,Never,3-5 days,no,rarely,Yes,Moderate,"Chin, Cheeks, Chest",No,No,No,3-4 days,15–30 minutes,"Walking, Cycling",7-8 hours,High,1–2 times per week,3–4 times per week,2-3 servings per days,Both ,1–2,Sometimes,No,No
8/31/2026 15:33:31,shriyapr23hcompe@student.mes.ac.in,yes,21,5'1 ,46,Sometimes irregular,Never,3-5 days,yes,Never,No,Mild,"Cheeks, Jawline",No,No,No,3-4 days,15–30 minutes,Yoga,5-6 hours,High,Almost every day,Rarely,2-3 servings per days,Non-vegetarian,3,Sometimes,No,Yes
8/31/2026 15:51:13,mansvihp24hmeche@student.mes.ac.in,yes,19,6.53,55,Irregular,Frequently,3-5 days,yes,Sometimes,No,Mild,"Chin, Forehead, Cheeks",Yes,No,No,3-4 days,More than 60 minutes,GYM,5-6 hours,High,Rarely,1–2 times per week,1 serving per days,Non-vegetarian,1–2,Sometimes,No,Yes
8/31/2026 16:57:20,sakshism24hite@student.mes.ac.in,yes,19,5'2,50,Sometimes irregular,Never,3-5 days,no,Sometimes,No,Moderate,Cheeks,No,Not Sure,No,Never,Never,Walking,More than 8 hours,Moderate,1–2 times per week,3–4 times per week,1 serving per days,Non-vegetarian,3,Rarely,No,No
8/31/2026 17:07:34,bhaktikhandekar66@gmail.com,yes,20,4.9,42,Sometimes irregular,Never,6-7 days,yes,Frequently,No,Moderate,Forehead,Yes,No,No,0 days,Never,Walking,5-6 hours,Moderate,Almost every day,Almost every day,more than 3 servings per days,Non-vegetarian,3,Almost every day,Yes,Yes
8/31/2026 17:08:16,sanikasd23hcompe@student.mes.ac.in,yes,20,5'6,49,regular,rarely,3-5 days,no,Never,No,Moderate,"Chin, Cheeks",No,No,No,1-2 days,Less than 15 minutes,"Walking, Cycling",5-6 hours,Moderate,1–2 times per week,Almost every day,Rarely,Non-vegetarian,3,Sometimes,No,No
8/31/2026 17:17:50,kelkarshalmali05@gmail.com,yes,21,5'2,53,regular,Never,3-5 days,yes,rarely,No,Mild,"Forehead, Cheeks",Yes,No,Yes,1-2 days,30–60 minutes,"Walking, Cycling, Yoga, Dance",7-8 hours,High,1–2 times per week,Daily,2-3 servings per days,Vegetarian,3,Almost every day,No,No
8/31/2026 17:21:47,patilsanikacool@gmail.com,yes,21,5’1,40,regular,rarely,3-5 days,no,rarely,Yes,Mild,"Chin, Forehead, Cheeks, Jawline, Chest",Yes,No,No,0 days,Never,Cycling,7-8 hours,Moderate,Multiple times a day,1–2 times per week,Rarely,Non-vegetarian,4,Rarely,No,No
8/31/2026 19:09:59,riyasp25hcompe@student.mes.ac.in,yes,19,154 cm,46,regular,Never,3-5 days,no,Not sure,Yes,Mild,Cheeks,No,No,No,3-4 days,15–30 minutes,Yoga,More than 8 hours,Low,Rarely,1–2 times per week,1 serving per days,Non-vegetarian,3,Sometimes,No,Yes
8/31/2026 19:23:10,shreyasi24hcompe@student.mes.ac.in,yes,21,5'4,49,regular,Never,3-5 days,no,Never,No,Moderate,"Forehead, Back",No,No,No,3-4 days,15–30 minutes,"Walking, Sports",5-6 hours,Moderate,Rarely,1–2 times per week,1 serving per days,Both,3,Sometimes,No,Yes
8/31/2026 19:28:51,ishwaript25hcompe@student.mes.ac.in,yes,19,5’5 ,62,Sometimes irregular,Never,3-5 days,no,Sometimes,No,Moderate,"Chin, Cheeks, Chest, Back",Yes,No,No,Never,Never,Walking,7-8 hours,Moderate,1–2 times per week,Rarely,Rarely,Vegetarian,3,Rarely,No,No
8/31/2026 23:01:22,aditinm25hcivile@student.mes.ac.in,yes,18,5'5,64,Sometimes irregular,rarely,3-5 days,no,rarely,No,No,None,No,No,Yes,1-2 days,30–60 minutes,"Walking, Cardio",5-6 hours,High,1–2 times per week,Rarely,1 serving per days,Eggitarian,1–2,Rarely,No,No
9/1/2026 5:24:25,vrushaliap24hcompe@student.mes.ac.in,yes,20,165,46,Sometimes irregular,Sometimes,3-5 days,no,Never,No,Mild,"Chin, Forehead, Cheeks",Yes,No,Not Sure,0 days,Never,Walking,7-8 hours,High,1–2 times per week,1–2 times per week,1 serving per days,Non-vegetarian,3,Sometimes,No,No
9/1/2026 5:30:16,patilvrushali0017@gmail.com,yes,42,130,75,regular,rarely,6-7 days,yes,rarely,No,Not Sure,Cheeks,Yes,Yes,Yes,Never,Never,"Walking, Housework ",More than 8 hours,Low,Almost every day,1–2 times per week,Rarely,Non-vegetarian,4,Almost every day,No,No
9/1/2026 13:53:00,kmhatre1289@gmail.com,yes,22,5.1,42,regular,Never,3-5 days,no,Never,No,Mild,"Chin, Forehead",Yes,No,No,0 days,Never,Walking,5-6 hours,Moderate,3–4 times per week,3–4 times per week,Rarely,Non-vegetarian,3,Rarely,No,No
9/1/2026 13:56:19,shewalesneha21@gmail.com,yes,21,5.1,52,Sometimes irregular,Sometimes,3-5 days,no,Sometimes,No,Not Sure,"Forehead, Cheeks",Yes,No,No,3-4 days,Never,None,7-8 hours,Very high,Almost every day,3–4 times per week,Rarely,Both ,1–2,Sometimes,No,No
9/1/2026 13:56:46,mistrymizba7865@gmail.com,yes,21,5.2,80,Sometimes irregular,Sometimes,6-7 days,yes,Sometimes,Yes,Moderate,"Chin, Forehead",Yes,Yes,Yes,3-4 days,30–60 minutes,GYM,5-6 hours,High,Rarely,3–4 times per week,1 serving per days,Non-vegetarian,3,Rarely,No,No
9/1/2026 14:41:33,snehamp23hcompe@student.mes.ac.in,yes,20,5.4,67,regular,Never,3-5 days,no,rarely,No,Mild,"Chin, Cheeks",No,No,No,3-4 days,30–60 minutes,GYM,5-6 hours,High,3–4 times per week,1–2 times per week,1 serving per days,Vegetarian,3,Almost every day,No,No
9/1/2026 14:46:41,srushtivp23hcompe@student.mes.ac.in,yes,20,5.7 feet,57,regular,rarely,3-5 days,no,Sometimes,No,Mild,"Forehead, Cheeks, Chest",Yes,No,Not Sure,0 days,Less than 15 minutes,None,7-8 hours,High,Rarely,1–2 times per week,Rarely,Non-vegetarian,3,Almost every day,No,Yes
9/1/2026 14:48:19,saloniam23hcompe@student.mes.ac.in,yes,21,5’4,65,regular,Never,3-5 days,no,Sometimes,Yes,No,Cheeks,Yes,No,No,3-4 days,More than 60 minutes,GYM,Less than 5 hours,High,Almost every day,3–4 times per week,Rarely,Vegetarian,4,Sometimes,Yes,No
9/1/2026 14:53:44,bodekardivya11@gmail.com,yes,21,5 feet,45,regular,Never,more than 7 days,no,Sometimes,No,Moderate,"Chin, Cheeks",Yes,No,No,3-4 days,Never,"Yoga, GYM",More than 8 hours,Very high,Multiple times a day,Rarely,Rarely,Non-vegetarian,3,Sometimes,No,No
9/1/2026 15:04:00,pp5064492@gmail.com,yes,20,4'9,55,regular,Never,3-5 days,yes,Not sure,No,Mild,"Cheeks, Back",Yes,Yes,No,Never,Never,Walking,7-8 hours,Moderate,1–2 times per week,1–2 times per week,2-3 servings per days,Both,3,Sometimes,Yes,No
9/1/2026 15:07:25,dikshart23hcompe@student.mes.ac.in,yes,21,5'3,47,regular,Never,3-5 days,no,Never,No,Mild,"Forehead, Cheeks",Yes,No,No,Never,Never,Walking,7-8 hours,High,Almost every day,Almost every day,2-3 servings per days,Non-vegetarian,4,Sometimes,Don't Know,No
9/1/2026 15:29:09,diyamp23hecse@student.mes.ac.in,yes,21,5.4,65,Sometimes irregular,Sometimes,3-5 days,yes,rarely,Yes,No,Chin,No,Yes,Yes,3-4 days,30–60 minutes,"Walking, Cycling, GYM",5-6 hours,High,1–2 times per week,1–2 times per week,1 serving per days,Vegetarian,4,Almost every day,Yes,Yes
9/1/2026 15:41:56,vaibhavinm23hcompe@student.mes.ac.in,yes,21,"5'2""",58,Irregular,Never,3-5 days,no,rarely,Not sure,Moderate,Forehead,Yes,Not Sure,No,0 days,Never,Walking,5-6 hours,High,1–2 times per week,1–2 times per week,1 serving per days,Non-vegetarian,3,Sometimes,No,No
9/1/2026 16:27:50,shrutibhoir601@gmail.com,yes,22,5'3,46,regular,Never,3-5 days,yes,Frequently,No,Moderate,"Chin, Forehead, Cheeks, Back",Yes,No,No,0 days,Never,Walking,5-6 hours,Very high,3–4 times per week,3–4 times per week,1 serving per days,Non-vegetarian,1–2,Sometimes,No,No
9/1/2026 16:36:29,pranjalithakur768@gmail.com,yes,22,170 cm,55,regular,Never,3-5 days,no,rarely,No,Mild,"Chin, Cheeks",Yes,No,No,1-2 days,Less than 15 minutes,"Walking, Yoga",7-8 hours,Moderate,1–2 times per week,1–2 times per week,2-3 servings per days,Vegetarian,3,Sometimes,No,Yes
9/1/2026 16:43:06,poonamlm24hcompe@student.mes.ac.in,yes,20,5.4,38,regular,rarely,3-5 days,no,rarely,Not sure,Mild,Forehead,Yes,No,No,0 days,Never,Walking,7-8 hours,Moderate,Rarely,1–2 times per week,2-3 servings per days,Vegetarian,3,Rarely,No,No
9/1/2026 16:54:16,manasisp23hcompe@student.mes.ac.in,yes,20,166,45,regular,rarely,3-5 days,no,Sometimes,No,Moderate,"Forehead, Cheeks, Chest, Back",No,No,No,0 days,Never,Walking,7-8 hours,Moderate,1–2 times per week,Almost every day,2-3 servings per days,Both,1–2,Sometimes,Don't Know,No
9/1/2026 17:01:51,salonibk24hite@student.mes.ac.in,yes,20,5'3,46,Sometimes irregular,rarely,more than 7 days,no,rarely,Not sure,Moderate,"Chin, Forehead, Cheeks, Jawline, Nose",Yes,No,No,Never,Never,Walking,7-8 hours,Low,Rarely,Rarely,1 serving per days,Vegetarian,4,Never,No,Yes
9/1/2026 17:31:08,komaldk24hite@student.mes.ac.in,yes,21,5'6,42,regular,rarely,3-5 days,yes,Sometimes,No,Moderate,Cheeks,No,No,No,3-4 days,More than 60 minutes,GYM,7-8 hours,Moderate,Rarely,1–2 times per week,1 serving per days,Non-vegetarian,3,Rarely,No,No
9/1/2026 17:35:02,purvarp23hcompe@student.mes.ac.in,yes,20,5.5,43,regular,rarely,1-2 days,no,rarely,Not sure,Moderate,Cheeks,Yes,No,Not Sure,1-2 days,15–30 minutes,Walking,7-8 hours,Moderate,1–2 times per week,1–2 times per week,1 serving per days,Vegetarian,1–2,Rarely,Don't Know,No
9/1/2026 18:26:15,thakuraarya852@gmail.com,yes,17,5'4,42,regular,Sometimes,3-5 days,no,rarely,No,No,"Chin, Forehead",Yes,No,No,Never,Never,"Walking, Cycling",7-8 hours,Low,Rarely,Rarely,1 serving per days,Non-vegetarian,1–2,Never,No,No
9/1/2026 18:48:09,diyapatil236@gmail.com,yes,20,160,43,regular,Never,1-2 days,no,Never,No,No,None,No,No,No,Never,Never,Walking,7-8 hours,Moderate,1–2 times per week,Rarely,1 serving per days,Vegetarian,1–2,Never,No,No
9/1/2026 18:50:49,tanvithakurs2003@gmail.com,yes,23,150 cm,35,regular,Never,3-5 days,no,Never,No,Mild,Cheeks,No,No,No,1-2 days,Less than 15 minutes,Yoga,7-8 hours,Moderate,1–2 times per week,3–4 times per week,1 serving per days,Non-vegetarian,1–2,Never,No,No
9/1/2026 19:36:20,vaishnavinc23hite@student.mes.ac.in,yes,21,153,50,regular,Never,3-5 days,no,Never,No,No,Cheeks,Yes,No,Yes,0 days,Never,"Walking, Yoga",7-8 hours,Low,1–2 times per week,3–4 times per week,1 serving per days,Vegetarian,1–2,Almost every day,No,No
9/1/2026 20:03:16,siddhisr23hcompe@student.mes.ac.in,yes,21,165 cm,55,regular,Never,3-5 days,no,Never,No,No,None,Yes,No,No,3-4 days,Less than 15 minutes,Walking,7-8 hours,High,Multiple times a day,Almost every day,2-3 servings per days,Vegetarian,1–2,Almost every day,No,
9/1/2026 20:15:13,patilmadhuri5328@gmail.com,yes,37,5.4,58,regular,Never,3-5 days,yes,Never,No,No,None,No,No,Yes,Never,Never,Walking,5-6 hours,Moderate,Almost every day,1–2 times per week,1 serving per days,Both ,1–2,Never,No,No
9/1/2026 20:24:00,dishamaheshpatil12@gmail.com,yes,22,163cm,50,regular,Never,3-5 days,no,Never,No,Moderate,Forehead,No,No,Yes,1-2 days,Less than 15 minutes,None,5-6 hours,Low,Rarely,Rarely,Rarely,Non-vegetarian,1–2,Rarely,No,No
9/1/2026 20:26:12,riddhisiddhi1004@gmail.com,yes,36,5.2,68,Sometimes irregular,Never,3-5 days,no,Never,No,Moderate,"Forehead, Cheeks, Jawline",Yes,No,No,0 days,Never,"Walking, Daily routine works",5-6 hours,Moderate,Almost every day,Rarely,1 serving per days,Both ,1–2,Never,No,No
9/1/2026 20:26:29,vaishnavimakvani@gmail.com,yes,21,5,45,regular,Never,3-5 days,no,Never,No,No,None,No,No,No,3-4 days,30–60 minutes,GYM,5-6 hours,Low,Rarely,1–2 times per week,2-3 servings per days,Vegetarian,1–2,Never,No,No
9/1/2026 20:26:37,yashodhakmbl@gmail.com,yes,17,5,30,regular,Never,3-5 days,no,Never,No,No,None,No,Yes,No,Never,Never,Walking,5-6 hours,Low,Rarely,1–2 times per week,1 serving per days,Boph,1–2,Never,No,No
9/1/2026 20:43:45,dikshitamhatre658@gmail.com,yes,18,172,47,Sometimes irregular,Sometimes,more than 7 days,yes,Sometimes,No,Moderate,Forehead,Yes,No,No,3-4 days,15–30 minutes,Sports,5-6 hours,Very high,Rarely,1–2 times per week,1 serving per days,Non-vegetarian,5 or more,Never,Yes,No
9/1/2026 20:48:38,sakshipatil08236@gmail.com,yes,22,155,40,regular,rarely,3-5 days,no,rarely,No,No,None,No,No,No,Never,Never,Walking,7-8 hours,Moderate,1–2 times per week,1–2 times per week,1 serving per days,Non-vegetarian,1–2,Rarely,Yes,No
9/1/2026 20:48:59,mhatrekasturi45@gmail.com,yes,17,5'8,66,Irregular,Sometimes,6-7 days,no,Not sure,Not sure,Not Sure,None,Yes,No,Not Sure,1-2 days,Less than 15 minutes,Walking,5-6 hours,Low,1–2 times per week,1–2 times per week,more than 3 servings per days,Vegetarian,1–2,Never,Yes,Yes
9/1/2026 20:51:12,anushkavartak62@gmail.com,yes,20,5'7,50,Sometimes irregular,Never,3-5 days,yes,Sometimes,Yes,Mild,"Chin, Forehead, Cheeks",Yes,No,Yes,3-4 days,30–60 minutes,"Walking, Cycling, GYM",7-8 hours,Very high,3–4 times per week,1–2 times per week,2-3 servings per days,Non-vegetarian,3,Rarely,No,No
9/1/2026 20:55:45,dikshask24hcompe@student.mes.ac.in,no,21,4.8,35,regular,Never,3-5 days,yes,rarely,Yes,No,"Forehead, Jawline",Yes,Yes,Not Sure,0 days,30–60 minutes,"Yoga, GYM",7-8 hours,Very high,Almost every day,Almost every day,1 serving per days,Non-vegetarian,4,Rarely,No,No
9/1/2026 20:56:01,tanujajp2006@gmail.com,yes,20,140,40,Irregular,rarely,3-5 days,yes,rarely,No,Mild,Cheeks,Yes,No,No,Never,Never,"Walking, Working daily for 7-8 DAYS",More than 8 hours,Low,3–4 times per week,3–4 times per week,1 serving per days,Non-vegetarian,3,Sometimes,No,No
9/1/2026 20:56:09,vaishnavipatil42008@gmail.com,yes,20,150,40,regular,Never,3-5 days,yes,Never,No,No,None,No,No,No,3-4 days,15–30 minutes,GYM,5-6 hours,Moderate,1–2 times per week,1–2 times per week,Rarely,Vegetarian,1–2,Never,No,No
9/1/2026 21:02:39,harshadapatil022010@gmail.com,yes,17,160,50,regular,Never,1-2 days,no,Never,No,No,Chest,No,No,No,3-4 days,15–30 minutes,Walking,7-8 hours,Low,1–2 times per week,1–2 times per week,1 serving per days,Non-vegetarian,3,Rarely,No,No
9/1/2026 21:11:40,rasikapatil599@gmail.com,yes,20,-,-,Sometimes irregular,Sometimes,3-5 days,yes,Never,Not sure,Moderate,"Chin, Forehead, Cheeks",Yes,Not Sure,Not Sure,Never,Never,None,5-6 hours,High,Almost every day,3–4 times per week,Rarely,Non-vegetarian,1–2,Sometimes,No,No
9/1/2026 21:13:02,ayusharj23hcompe@student.mes.ac.in,yes,20,5'3,41,regular,Never,3-5 days,no,Never,No,No,None,Yes,No,No,1-2 days,30–60 minutes,"Stretching, Dancing ",Less than 5 hours,High,3–4 times per week,3–4 times per week,1 serving per days,Non-vegetarian,3,Sometimes,No,No
9/1/2026 21:27:13,ap0805662@gmail.com,yes,23,152,54,Irregular,Frequently,6-7 days,yes,Not sure,No,Mild,"Chin, Cheeks",Yes,Yes,Yes,1-2 days,Less than 15 minutes,Walking,7-8 hours,Moderate,Rarely,Rarely,more than 3 servings per days,Vegetarian,1–2,Sometimes,No,Yes
9/1/2026 21:29:48,dhruvamhatre0@gmail.com,yes,21,5'2,44,regular,rarely,1-2 days,no,Sometimes,No,Moderate,"Forehead, Cheeks",Yes,No,Not Sure,1-2 days,15–30 minutes,"Walking, Yoga",7-8 hours,High,Almost every day,3–4 times per week,1 serving per days,Non-vegetarian,3,Sometimes,No,No
9/1/2026 22:08:47,roshnigajananwaghmare@gmail.com,yes,20,5'7,57,regular,rarely,3-5 days,no,rarely,No,Mild,Cheeks,No,No,No,1-2 days,15–30 minutes,Walking,5-6 hours,Moderate,Rarely,1–2 times per week,1 serving per days,Both,3,Sometimes,No,No
9/1/2026 22:18:40,siddhipatil0305@gmail.com,yes,21,160,45,regular,Never,more than 7 days,no,Sometimes,No,No,"Chin, Forehead, Cheeks, Jawline",Yes,Yes,Yes,0 days,Never,None,More than 8 hours,Very high,3–4 times per week,3–4 times per week,Rarely,Vegetarian,1–2,Never,No,No
9/1/2026 22:38:50,deshmukhsakshi097@gmail.com,yes,21,5'4,50,Sometimes irregular,Sometimes,1-2 days,yes,Never,No,No,None,Yes,Yes,No,Never,Never,Walking,Less than 5 hours,Very high,Almost every day,Rarely,1 serving per days,Vegetarian,1–2,Sometimes,Yes,Yes
9/1/2026 22:49:01,gadesania@gmail.com,yes,21,5.4,63,Sometimes irregular,rarely,3-5 days,no,Sometimes,Yes,Moderate,"Chin, Forehead, Cheeks",Yes,No,Not Sure,1-2 days,15–30 minutes,"Walking, GYM, Sports",5-6 hours,High,1–2 times per week,Rarely,Rarely,Vegetarian,1–2,Never,Yes,No
9/1/2026 22:53:34,padmakarp785@gmail.com,yes,22,156cm,50,Not Sure,Never,3-5 days,no,Frequently,No,Moderate,"Cheeks, None",Yes,No,No,0 days,Never,None,7-8 hours,Moderate,Rarely,Rarely,1 serving per days,Non-vegetarian,1–2,Sometimes,No,No
9/1/2026 23:30:29,samikshamhatre69@gmail.com,yes,20,5'11,42,Sometimes irregular,Sometimes,3-5 days,yes,Sometimes,Not sure,Mild,Back,Yes,No,No,Never,Never,Walking,7-8 hours,Moderate,Rarely,1–2 times per week,Rarely,Vegetarian,1–2,Sometimes,Don't Know,No
9/1/2026 23:49:28,lic.emmanuel892@gmail.com,yes,16,Maybe 5'2 ft,38,regular,Never,3-5 days,no,rarely,No,No,None,Yes,No,No,Never,Never,Walking,Less than 5 hours,High,Almost every day,Almost every day,1 serving per days,Vegetarian,1–2,Almost every day,Don't Know,No
9/2/2026 0:26:34,ridd.16.hi@gmail.com,yes,21,5'2,98,Irregular,Frequently,more than 7 days,yes,Sometimes,Not sure,Mild,"Chin, Forehead, Cheeks",Yes,Yes,Yes,1-2 days,30–60 minutes,"Walking, Zumma ",5-6 hours,High,3–4 times per week,3–4 times per week,2-3 servings per days,Non-vegetarian,3,Almost every day,Yes,Yes
9/2/2026 15:35:33,praptisp23hite@student.mes.ac.in,yes,20,153 cm,45,regular,Never,6-7 days,no,Frequently,No,Not Sure,Back,Yes,No,No,0 days,Never,Walking,5-6 hours,Low,Rarely,1–2 times per week,1 serving per days,Both,3,Sometimes,No,No
9/2/2026 15:47:53,pratikshapatildiya@gmail.com,yes,36,5 f,67,regular,Never,3-5 days,no,rarely,No,No,None,Yes,No,No,Never,Never,None,5-6 hours,Low,Rarely,Rarely,1 serving per days,Vegetarian,3,Never,No,No
9/2/2026 15:48:36,nehapalvi05@gmail.com,yes,21,155cm,50,regular,Never,3-5 days,no,rarely,Not sure,Moderate,"Chin, Forehead, Cheeks",No,No,Not Sure,0 days,Never,None,More than 8 hours,High,1–2 times per week,1–2 times per week,1 serving per days,Non-vegetarian,1–2,Almost every day,No,No
9/2/2026 19:47:34,sayaligt24hite@student.mes.ac.in,yes,20,155,40,Sometimes irregular,Sometimes,3-5 days,no,rarely,Yes,No,"Chin, Forehead, Cheeks",Yes,Yes,No,1-2 days,15–30 minutes,"Walking, Yoga",5-6 hours,Moderate,1–2 times per week,1–2 times per week,1 serving per days,Non-vegetarian,3,Rarely,No,No
9/2/2026 19:48:22,mansirp24hite@student.mes.ac.in,yes,20,5'1,62,regular,Sometimes,3-5 days,no,Never,No,Moderate,"Chin, Forehead, Cheeks, Jawline, Chest",Yes,Yes,No,1-2 days,15–30 minutes,"Walking, GYM",5-6 hours,Very high,Rarely,3–4 times per week,Rarely,Non-vegetarian,1–2,Never,No,No
9/2/2026 20:34:32,patilriya2309@gmail.com,yes,20,162,40,regular,Never,3-5 days,no,Never,No,Moderate,"Chin, Forehead",No,No,No,1-2 days,15–30 minutes,"Walking, Cycling, Yoga",7-8 hours,Low,Almost every day,Rarely,1 serving per days,Vegetarian,3,Sometimes,No,No
9/2/2026 23:45:56,sanikakene30@gmail.com,yes,22,3.5,61,Sometimes irregular,rarely,1-2 days,yes,rarely,No,Mild,"Forehead, Cheeks, Jawline",Yes,No,No,1-2 days,30–60 minutes,Walking,5-6 hours,Moderate,1–2 times per week,1–2 times per week,1 serving per days,Vegetarian,1–2,Rarely,No,No
9/2/2026 23:46:40,subhedarbhargavi0@gmail.com,yes,18,5 feet,45,Sometimes irregular,Never,Varies Significantly,yes,rarely,Yes,Mild,Cheeks,Yes,Yes,Yes,0 days,Never,Walking,5-6 hours,Low,1–2 times per week,Rarely,1 serving per days,Non-vegetarian,1–2,Almost every day,No,No
9/3/2026 0:35:49,nikinp23hite@student.mes.ac.in,yes,20,5.34,50,Sometimes irregular,rarely,1-2 days,no,Sometimes,Yes,Moderate,Cheeks,Yes,Not Sure,No,1-2 days,15–30 minutes,Yoga,5-6 hours,Moderate,Rarely,1–2 times per week,1 serving per days,Non-vegetarian,3,Sometimes,No,No
9/4/2026 17:16:23,d2023.purva.mhatre@ves.ac.in,yes,21,5,49,regular,rarely,3-5 days,no,Never,Yes,No,None,Yes,Not Sure,Not Sure,0 days,Never,Walking,5-6 hours,High,1–2 times per week,1–2 times per week,1 serving per days,Vegetarian,3,Sometimes,Yes,No
9/6/2026 19:07:51,kasarkhushi06@gmail.com,yes,19,5.4,45,regular,Never,3-5 days,no,Sometimes,Not sure,Mild,"Forehead, Cheeks",No,No,No,Never,Never,None,7-8 hours,Moderate,3–4 times per week,Rarely,2-3 servings per days,Vegetarian,1–2,Rarely,No,No
9/6/2026 19:12:39,pranitakedari497@gmail.com,yes,19,160 cm,59,regular,rarely,3-5 days,yes,Never,No,Mild,Forehead,Yes,Yes,Not Sure,1-2 days,Less than 15 minutes,Walking,7-8 hours,Moderate,Rarely,Rarely,Rarely,Non-vegetarian,1–2,Sometimes,No,No
9/6/2026 23:33:21,dasneha1812@gmail.com,yes,21,5'4,75,regular,Never,6-7 days,no,rarely,No,Moderate,Cheeks,No,No,Yes,Never,Never,Walking,5-6 hours,High,Rarely,1–2 times per week,2-3 servings per days,Non-vegetarian,3,Sometimes,No,No
9/7/2026 0:04:07,janhavipandav1509@gmail.com,yes,21,5.4,57,regular,Never,3-5 days,yes,Sometimes,No,Mild,"Chin, Forehead, Jawline, Back",Yes,No,No,1-2 days,15–30 minutes,Walking,More than 8 hours,Moderate,Rarely,1–2 times per week,1 serving per days,Non-vegetarian,1–2,Sometimes,No,No
9/7/2026 11:14:49,jatharpiyu@gmail.com,yes,20,154,41,regular,rarely,6-7 days,no,Sometimes,Yes,Mild,"Forehead, Cheeks",Yes,Yes,Yes,1-2 days,Less than 15 minutes,"Walking, Yoga",7-8 hours,Moderate,1–2 times per week,3–4 times per week,1 serving per days,Vegetarian,1–2,Sometimes,No,No
9/7/2026 22:02:49,jankipawar5557@gmail.com,yes,49,5,65,Irregular,Sometimes,1-2 days,yes,Not sure,Yes,No,None,Yes,Yes,No,Never,Never,Walking,7-8 hours,Moderate,Rarely,Rarely,2-3 servings per days,Both,3,Never,Yes,Yes
9/8/2026 11:33:24,sejalsp23hecse@student.mes.ac.in,yes,21,4'11,50,regular,Sometimes,3-5 days,no,Never,No,Mild,Forehead,No,No,No,1-2 days,30–60 minutes,"Walking, GYM",Less than 5 hours,Moderate,Rarely,Rarely,1 serving per days,Non-vegetarian,1–2,Sometimes,No,No
9/8/2026 12:52:51,thunderslayer2023@gmail.com,yes,20,4'9,55,regular,Never,3-5 days,yes,Not sure,Not sure,Mild,"Forehead, Cheeks, Jawline, Chest, Back",Yes,Yes,Not Sure,Never,Never,Walking,7-8 hours,Moderate,3–4 times per week,Almost every day,2-3 servings per days,Both,3,Almost every day,Yes,Yes
9/8/2026 14:01:46,ramolalade@gmail.com,yes,21,5'8,5'8,regular,rarely,3-5 days,no,rarely,No,Moderate,Forehead,No,No,No,3-4 days,15–30 minutes,"Walking, Sports",7-8 hours,Moderate,3–4 times per week,Rarely,2-3 servings per days,Vegetarian,3,Sometimes,No,No
9/8/2026 14:31:36,pintokatrinabts11@gmail.com,yes,20,158 cm,90,Irregular,Sometimes,6-7 days,no,rarely,No,Mild,Cheeks,Yes,Yes,Yes,0 days,Never,Walking,Less than 5 hours,Low,Rarely,Rarely,2-3 servings per days,Non-vegetarian,3,Almost every day,No,Yes
9/8/2026 21:06:09,dsanika311@gmail.com,yes,20,5’10,43,Sometimes irregular,Never,3-5 days,yes,Sometimes,No,Mild,"Chin, Cheeks, Nose",Yes,No,No,0 days,Never,"Walking, Cycling",7-8 hours,Moderate,Rarely,1–2 times per week,2-3 servings per days,Vegetarian,4,Never,No,No
9/9/2026 13:29:06,dhakval04.mukta@gmail.com,yes,21,5.2,40,Sometimes irregular,Sometimes,6-7 days,no,Sometimes,Not sure,Moderate,"Forehead, Cheeks",Yes,Yes,No,0 days,Never,"Walking, GYM, Sports",5-6 hours,High,Almost every day,Rarely,Rarely,Vegetarian,1–2,Almost every day,No,Yes
9/9/2026 15:23:05,shrutisp23hcompe@student.mes.ac.in,yes,21,5'7,47,Sometimes irregular,rarely,3-5 days,no,Never,No,No,"None, ",No,No,No,1-2 days,15–30 minutes,"Walking, GYM, Sports",More than 8 hours,Moderate,1–2 times per week,1–2 times per week,2-3 servings per days,Both,3,Sometimes,Don't Know,Yes
9/9/2026 15:34:38,prajaktajathar938@gmail.com,yes,27,155,51 Kg,Sometimes irregular,Sometimes,3-5 days,yes,Sometimes,No,No,None,Yes,No,No,3-4 days,15–30 minutes,"Walking, Yoga",5-6 hours,Moderate,1–2 times per week,Rarely,2-3 servings per days,Vegetarian,1–2,Sometimes,No,No
9/9/2026 15:36:04,sakshipatil52003@gmail.com,yes,22,160 cm,42,regular,Never,3-5 days,no,Never,No,Moderate,"Chin, Forehead, Cheeks, Jawline",No,No,No,0 days,Never,None,7-8 hours,Moderate,1–2 times per week,Almost every day,1 serving per days,Both,1–2,Rarely,No,No
9/9/2026 15:42:19,shrushtimehetar48@gmail.com,no,21,147,45,regular,Never,6-7 days,no,Sometimes,No,Mild,"Forehead, Cheeks",No,No,No,1-2 days,30–60 minutes,Walking,Less than 5 hours,High,1–2 times per week,1–2 times per week,1 serving per days,Non-vegetarian,4,Sometimes,Yes,Yes
9/9/2026 15:48:48,desh.mayura111@gmail.com,yes,20,5’1,41,regular,Never,3-5 days,yes,Sometimes,No,No,None,Yes,No,No,3-4 days,More than 60 minutes,Walking,5-6 hours,Moderate,3–4 times per week,Rarely,2-3 servings per days,Non-vegetarian,4,Rarely,No,Yes
9/9/2026 16:15:43,kajariprajwal17@gmail.com,yes,20,5'2,40,regular,rarely,6-7 days,no,Sometimes,No,Moderate,Cheeks,Yes,No,No,0 days,Never,Sports,7-8 hours,Low,3–4 times per week,3–4 times per week,1 serving per days,Non-vegetarian,1–2,Sometimes,No,Yes
9/9/2026 16:44:56,yriya3615@gmail.com,yes,20,165cm,63kg,regular,Never,6-7 days,no,Never,No,No,None,No,No,No,1-2 days,15–30 minutes,"Walking, Cycling, Sports",5-6 hours,Low,Almost every day,1–2 times per week,1 serving per days,Vegetarian,4,Never,No,No
9/9/2026 17:24:40,snehclinic1706@gmail.com,yes,27,154,48,regular,Never,3-5 days,no,Sometimes,No,Mild,Forehead,Yes,No,No,1-2 days,Less than 15 minutes,Yoga,7-8 hours,Low,Rarely,Rarely,1 serving per days,Vegetarian,3,Rarely,No,No
9/9/2026 18:37:14,dhavalesiddhi26@gmail.com,yes,20,167 cm,50,regular,Never,3-5 days,no,Not sure,Not sure,Moderate,"Forehead, Cheeks",No,No,Not Sure,1-2 days,30–60 minutes,Sports,5-6 hours,Moderate,1–2 times per week,Rarely,1 serving per days,Vegetarian,3,Sometimes,No,No
9/9/2026 18:47:46,bhumigharat0918@gmail.com,yes,21,5,54,regular,Never,6-7 days,no,rarely,Yes,Mild,Cheeks,Yes,Yes,No,0 days,Never,Walking,5-6 hours,Moderate,Rarely,Rarely,1 serving per days,Both,1–2,Rarely,No,
9/9/2026 18:49:14,deshmukhsiddhi2003@gmail.com,yes,23,147 cm ,37 kg ,Sometimes irregular,Sometimes,more than 7 days,yes,Frequently,Yes,No,None,Yes,Yes,No,Never,Never,Walking,7-8 hours,High,Almost every day,Daily,Rarely,Vegetarian,1–2,Almost every day,No,No
9/9/2026 19:02:51,dhavaleriddhi656@gmail.com,yes,20,5.1,48,regular,Never,3-5 days,no,rarely,Not sure,Mild,Cheeks,No,Not Sure,Yes,1-2 days,15–30 minutes,Walking,5-6 hours,Moderate,1–2 times per week,Rarely,2-3 servings per days,Vegetarian,3,Rarely,No,No
9/9/2026 19:10:24,drushyajy24hcompe@student.mes.ac.in,yes,20,5'6,42,regular,Sometimes,6-7 days,yes,Sometimes,No,Moderate,"Forehead, Jawline",Yes,No,No,1-2 days,15–30 minutes,"Walking, Cycling",5-6 hours,Moderate,3–4 times per week,3–4 times per week,2-3 servings per days,Non-vegetarian,3,Sometimes,No,No
9/9/2026 19:18:28,24030331246049@dbatu.ac.in,yes,20,5’3,69,regular,Never,3-5 days,no,Sometimes,No,No,Forehead,Yes,No,No,1-2 days,15–30 minutes,Walking,5-6 hours,Moderate,1–2 times per week,1–2 times per week,2-3 servings per days,Both,3,Sometimes,No,No
9/9/2026 19:19:16,vidyagb24hcompe@student.mes.ac.in,yes,19,5.5,43,regular,rarely,3-5 days,no,rarely,No,Moderate,Forehead,Yes,No,No,1-2 days,Less than 15 minutes,"Walking, Yoga",7-8 hours,Moderate,1–2 times per week,Almost every day,2-3 servings per days,Non-vegetarian,4,Never,No,No
9/9/2026 20:06:19,bhagyashreebangar4@gmail.com,yes,20,153,39,regular,rarely,3-5 days,no,Never,Yes,Mild,"Chin, Forehead, Cheeks, Jawline",Yes,No,No,0 days,Less than 15 minutes,Walking,5-6 hours,Very high,Rarely,Rarely,2-3 servings per days,Vegetarian,3,Never,No,No
9/9/2026 20:45:31,sonap4881@gmail.com,yes,45,5:4,67,regular,Never,3-5 days,no,Never,No,Moderate,"Chin, Jawline",Yes,No,No,Never,Never,None,5-6 hours,Moderate,Rarely,Rarely,1 serving per days,Vegetarian,3,Sometimes,No,No
9/9/2026 22:07:01,sharvarisg24hcompe@student.mes.ac.in,yes,20,4'10,46,Irregular,Frequently,3-5 days,no,Sometimes,Not sure,No,None,Yes,Not Sure,Not Sure,1-2 days,15–30 minutes,Yoga,5-6 hours,High,1–2 times per week,1–2 times per week,2-3 servings per days,Vegetarian,3,Sometimes,Don't Know,Yes
9/9/2026 22:12:13,devankshirp24hecse@student.mes.ac.in,yes,20,5'4,38,Irregular,Sometimes,3-5 days,yes,rarely,Yes,Moderate,"Chin, Forehead, Cheeks, Jawline, Back",Yes,No,Yes,Never,Never,None,5-6 hours,Moderate,1–2 times per week,1–2 times per week,Rarely,Vegetarian,1–2,Sometimes,No,Yes
9/9/2026 22:13:25,salonibr24hbcom@student.mes.ac.in,yes,20,5'1,57,regular,Never,6-7 days,no,rarely,No,Moderate,Cheeks,Yes,Yes,No,0 days,Never,Walking,7-8 hours,Moderate,Almost every day,1–2 times per week,1 serving per days,Vegetarian,3,Rarely,No,No
9/10/2026 17:51:51,utekarvrushali93@gmail.com,yes,26,5.6,70,Not Sure,Never,3-5 days,no,Sometimes,No,Moderate,"Chin, Forehead, Cheeks, Jawline, Chest, Back, None",No,Yes,Yes,1-2 days,Never,None,7-8 hours,High,Almost every day,Almost every day,Rarely,Non-vegetarian,4,Almost every day,No,No
9/10/2026 17:59:06,lalitabhalivade7@gmail.com,yes,28,5,45,regular,Never,3-5 days,no,Sometimes,No,No,None,No,No,No,Never,Never,None,5-6 hours,Moderate,Rarely,3–4 times per week,Rarely,Mix,1–2,Rarely,No,No
9/10/2026 19:35:52,palankarswati18@gmail.com,yes,32,5.2,83,regular,Never,1-2 days,no,rarely,No,No,None,No,Yes,No,3-4 days,More than 60 minutes,GYM,5-6 hours,Moderate,Rarely,Rarely,1 serving per days,Non-vegetarian,1–2,Almost every day,No,Yes
9/10/2026 19:39:34,bhaudankita784@gmail.com,yes,20,5,37.55,regular,Sometimes,3-5 days,no,Not sure,No,No,None,Yes,No,No,1-2 days,15–30 minutes,"Walking, Yoga",5-6 hours,Moderate,Rarely,Rarely,1 serving per days,both,3,Almost every day,No,No
9/10/2026 21:18:02,amypatel8880@gmail.com,yes,34,5.3,75,regular,Never,3-5 days,no,Sometimes,Yes,Mild,"Chin, Cheeks, Jawline",Yes,Yes,No,3-4 days,30–60 minutes,"Walking, GYM",5-6 hours,High,Almost every day,1–2 times per week,more than 3 servings per days,Non-vegetarian,4,Almost every day,No,Yes
9/10/2026 21:53:31,pritikondhalkar50@gmail.com,yes,40,5.1,66kg,regular,Never,3-5 days,no,rarely,No,Mild,Jawline,Yes,Yes,Yes,Never,Never,None,7-8 hours,High,Rarely,1–2 times per week,Rarely,Vegetarian,1–2,Rarely,No,Yes
9/11/2026 10:56:10,srushtimhatre98@gmail.com,yes,22,5,45,regular,rarely,1-2 days,no,Never,No,Mild,"Forehead, Cheeks",Yes,No,Not Sure,Never,Never,"Walking, Cycling",5-6 hours,Moderate,1–2 times per week,1–2 times per week,1 serving per days,Non-vegetarian,1–2,Sometimes,No,No
9/11/2026 10:58:25,pratibhasd23hcompe@student.mes.ac.in,yes,20,150 cm,55,regular,Never,3-5 days,no,Sometimes,No,Moderate,Forehead,No,Not Sure,Yes,0 days,Never,Walking,7-8 hours,Low,Rarely,1–2 times per week,1 serving per days,Vegetarian,3,Never,No,No
9/11/2026 11:54:15,gitanjalirg24hdcivil@student.mes.ac.in,yes,20,5,36,regular,Never,1-2 days,yes,Never,Yes,Mild,Cheeks,Yes,No,No,3-4 days,15–30 minutes,Yoga,Less than 5 hours,Moderate,Rarely,Rarely,Rarely,Vegetarian,1–2,Rarely,No,No