Age,BMI,How regular are your periods,How often do you miss you periods,How does long your periods usually last,Have you noticed a significant change in your periods during the last year,Do you experience unusually heavy menstrual bleeding,Do you experience exceesive facial & body hair growth,Do you experience acne,Have you experienced unusual hair thinning or hair loss,Have you experienced unexplained weight gain?,"Have you noticed dark or thickened skin, especially around your neck",Does anyone from your family have a pcos,Have you ever diagnosed by Doctor
20,26.23889519862757,Regular,Never,3-5 days,yes,Not Sure,no,Mild,yes,yes,no,No,no
38,27.18436559322098,Regular,Never,3-5 days,no,Never,no,Mild,yes,yes,yes,No,no
20,16.573880329761103,Regular,Never,6-7 days,no,Rarely,no,Mild,yes,not sure,no,No,yes
44,,Irregular,Sometimes,3-5 days,yes,Rarely,yes,No,yes,yes,no,No,yes
38,17.33874435490806,Regular,Never,3-5 days,no,Rarely,no,Mild,yes,no,no,No,no
18,22.44379627988483,Regular,Never,1-2 days,yes,Never,no,No,yes,yes,no,No,no
21,25.77480589579471,Regular,Never,6-7 days,no,Rarely,no,Mild,no,yes,yes,No,yes
24,18.12869122814269,Sometimes irregular,Never,3-5 days,no,Rarely,no,No,yes,no,no,No,no
20,25.476660092044707,Sometimes irregular,Never,3-5 days,yes,Sometimes,no,Moderate,no,yes,no,Yes,yes
21,22.177463709766123,Regular,Never,3-5 days,no,Rarely,no,Moderate,no,yes,yes,No,no
19,15.621094482299824,Not Sure,Rarely,6-7 days,no,Sometimes,no,Moderate,no,no,no,No,yes
20,21.527820833419444,Irregular,Sometimes,3-5 days,yes,Sometimes,yes,Mild,yes,yes,not sure,Yes,no
20,24.71305963020089,Regular,Never,3-5 days,no,Never,no,Mild,no,not sure,no,No,no
20,24.972272166766555,Regular,Never,3-5 days,yes,Rarely,no,Mild,no,yes,no,No,yes
23,23.727352545484724,Irregular,Frequently,3-5 days,yes,Rarely,yes,Mild,yes,no,no,No,yes
19,17.36573424310307,Sometimes irregular,Frequently,more than 7 days,yes,Rarely,no,Moderate,no,no,no,No,no
21,19.52636810287478,Regular,Rarely,3-5 days,yes,Never,yes,No,no,no,no,Yes,yes
21,,Regular,Sometimes,3-5 days,no,Not Sure,no,No,no,no,yes,No,yes
21,14.500297441998812,Regular,Never,6-7 days,no,Sometimes,yes,Mild,yes,no,no,No,yes
18,17.028842651435305,Regular,Rarely,1-2 days,yes,Rarely,yes,Mild,yes,yes,yes,No,yes
19,22.177463709766123,Irregular,Rarely,3-5 days,no,Rarely,not sure,Moderate,yes,no,no,No,no
19,17.33874435490806,Regular,Never,3-5 days,no,Sometimes,not sure,Moderate,yes,no,no,Yes,no
18,25.0000500001,Sometimes irregular,Never,6-7 days,yes,Frequently,not sure,Moderate,yes,yes,no,Don't Know,no
18,24.19359677429032,Irregular,Rarely,3-5 days,yes,Sometimes,yes,Moderate,no,yes,yes,No,yes
21,16.532291129098382,Regular,Rarely,3-5 days,no,Never,yes,Mild,yes,no,no,Don't Know,no
18,19.994665090109542,Regular,Rarely,3-5 days,no,Sometimes,no,Mild,yes,no,no,No,no
19,17.65281308340394,Regular,Never,1-2 days,no,Sometimes,no,Mild,yes,no,no,No,no
20,25.409886885347543,Sometimes irregular,Rarely,more than 7 days,yes,Frequently,yes,No,no,yes,yes,No,yes
18,18.49112426035503,Regular,Never,3-5 days,no,Sometimes,no,No,yes,not sure,no,No,no
20,28.38140441905884,Irregular,Frequently,more than 7 days,yes,Sometimes,not sure,Moderate,yes,yes,yes,Don't Know,yes
20,18.974531961544947,Sometimes irregular,Sometimes,6-7 days,no,Sometimes,yes,Mild,yes,yes,not sure,No,no
21,16.920459006100426,Sometimes irregular,Sometimes,3-5 days,no,Never,no,Mild,yes,no,not sure,No,yes
20,28.98230648532303,Irregular,Frequently,3-5 days,yes,Not Sure,yes,Mild,no,yes,yes,Yes,yes
21,18.017206432142697,Regular,Never,6-7 days,no,Never,yes,Moderate,yes,no,no,No,no
20,17.939850694516203,Regular,Never,3-5 days,no,Rarely,yes,Moderate,no,no,no,No,no
21,19.161554044688312,Sometimes irregular,Never,3-5 days,yes,Never,no,Mild,no,no,no,No,yes
19,,Irregular,Frequently,3-5 days,yes,Sometimes,no,Mild,yes,no,no,No,yes
19,20.16133064524193,Sometimes irregular,Never,3-5 days,no,Sometimes,no,Moderate,no,not sure,no,No,no
20,20.03697451531561,Sometimes irregular,Never,6-7 days,yes,Frequently,no,Moderate,yes,no,no,Yes,yes
20,17.435755716323186,Regular,Rarely,3-5 days,no,Never,no,Moderate,no,no,no,No,no
21,21.371010483956443,Regular,Never,3-5 days,yes,Rarely,no,Mild,yes,no,yes,No,no
21,16.66222090842462,Regular,Rarely,3-5 days,no,Rarely,yes,Mild,yes,no,no,No,no
19,19.39618822735705,Regular,Never,3-5 days,no,Not Sure,yes,Mild,no,no,no,No,yes
21,18.542517553785107,Regular,Never,3-5 days,no,Never,no,Moderate,no,no,no,No,yes
19,22.74560762139276,Sometimes irregular,Never,3-5 days,no,Sometimes,no,Moderate,yes,no,no,No,no
18,23.4793368995022,Sometimes irregular,Rarely,3-5 days,no,Rarely,no,No,no,no,yes,No,no
20,16.896235078053262,Sometimes irregular,Sometimes,3-5 days,no,Never,no,Mild,yes,no,not sure,No,no
42,44.37869822485207,Regular,Rarely,6-7 days,yes,Rarely,no,Not Sure,yes,yes,yes,No,no
22,17.49533195384585,Regular,Never,3-5 days,no,Never,no,Mild,yes,no,no,No,no
21,21.66088718095201,Sometimes irregular,Sometimes,3-5 days,no,Sometimes,no,Not Sure,yes,no,no,No,no
21,32.25812903238709,Sometimes irregular,Sometimes,6-7 days,yes,Sometimes,yes,Moderate,yes,yes,yes,No,no
20,25.354054614359228,Regular,Never,3-5 days,no,Rarely,no,Mild,no,no,no,No,no
20,19.681482891591312,Regular,Rarely,3-5 days,no,Sometimes,no,Mild,yes,no,not sure,No,yes
21,24.597217163184325,Regular,Never,3-5 days,no,Sometimes,yes,No,yes,no,no,Yes,no
21,19.375038750077497,Regular,Never,more than 7 days,no,Sometimes,no,Moderate,yes,no,no,No,no
20,26.23889519862757,Regular,Never,3-5 days,yes,Not Sure,no,Mild,yes,yes,no,Yes,no
21,18.35478601670229,Regular,Never,3-5 days,no,Never,no,Mild,yes,no,no,Don't Know,no
21,24.597217163184325,Sometimes irregular,Sometimes,3-5 days,yes,Rarely,yes,No,no,yes,yes,Yes,yes
21,23.38714354848064,Irregular,Never,3-5 days,no,Rarely,not sure,Moderate,yes,not sure,no,No,no
22,17.964258654644798,Regular,Never,3-5 days,yes,Frequently,no,Moderate,yes,no,no,No,no
22,19.031141868512112,Regular,Never,3-5 days,no,Rarely,no,Mild,yes,no,no,No,yes
20,14.379911572323143,Regular,Rarely,3-5 days,no,Rarely,not sure,Mild,yes,no,no,No,no
20,16.330381768036002,Regular,Rarely,3-5 days,no,Sometimes,no,Moderate,no,no,no,Don't Know,no
20,17.964258654644798,Sometimes irregular,Rarely,more than 7 days,no,Rarely,not sure,Moderate,yes,no,no,No,yes
21,14.944933471134158,Regular,Rarely,3-5 days,yes,Sometimes,no,Moderate,no,no,no,No,no
20,15.77517947935304,Regular,Rarely,1-2 days,no,Rarely,not sure,Moderate,yes,no,not sure,Don't Know,no
17,15.893586474672947,Regular,Sometimes,3-5 days,no,Rarely,no,No,yes,no,no,No,no
20,16.796874999999996,Regular,Never,1-2 days,no,Never,no,No,no,no,no,No,no
23,15.555555555555555,Regular,Never,3-5 days,no,Never,no,Mild,no,no,no,No,no
21,21.35930624973301,Regular,Never,3-5 days,no,Never,no,No,yes,no,yes,No,no
37,21.94828608407217,Regular,Never,3-5 days,yes,Never,no,No,no,no,yes,No,no
22,18.818924310286427,Regular,Never,3-5 days,no,Never,no,Moderate,no,no,yes,No,no
36,27.419409677529025,Sometimes irregular,Never,3-5 days,no,Never,no,Moderate,yes,no,no,No,no
21,19.375038750077497,Regular,Never,3-5 days,no,Never,no,No,no,no,no,No,no
17,12.916692500051663,Regular,Never,3-5 days,no,Never,no,No,no,yes,no,No,no
18,15.886965927528395,Sometimes irregular,Sometimes,more than 7 days,yes,Sometimes,no,Moderate,yes,no,no,Yes,no
22,16.649323621227886,Regular,Rarely,3-5 days,no,Rarely,no,No,no,no,no,Yes,no
17,22.123746669638667,Irregular,Sometimes,6-7 days,no,Not Sure,not sure,Not Sure,yes,no,not sure,Yes,yes
20,17.264458676834483,Sometimes irregular,Never,3-5 days,yes,Sometimes,yes,Mild,yes,no,yes,No,no
21,17.299141741140623,Regular,Never,3-5 days,yes,Rarely,yes,No,yes,yes,not sure,No,no
20,20.40816326530613,Irregular,Rarely,3-5 days,yes,Rarely,no,Mild,yes,no,no,No,no
20,17.77777777777778,Regular,Never,3-5 days,yes,Never,no,No,no,no,no,No,no
17,19.53125,Regular,Never,1-2 days,no,Never,no,No,no,no,no,No,no
20,,Sometimes irregular,Sometimes,3-5 days,yes,Never,not sure,Moderate,yes,not sure,not sure,No,no
20,16.011621844357318,Regular,Never,3-5 days,no,Never,no,No,yes,no,no,No,no
23,23.37257617728532,Irregular,Frequently,6-7 days,yes,Not Sure,no,Mild,yes,yes,yes,No,yes
21,17.741970967812897,Regular,Rarely,1-2 days,no,Sometimes,no,Moderate,yes,no,not sure,No,no
20,19.681482891591312,Regular,Rarely,3-5 days,no,Rarely,no,Mild,no,no,no,No,no
21,17.578124999999996,Regular,Never,more than 7 days,no,Sometimes,no,No,yes,yes,yes,No,no
21,18.92093627937256,Sometimes irregular,Sometimes,1-2 days,yes,Never,no,No,yes,yes,no,Yes,yes
21,23.840379712009423,Sometimes irregular,Rarely,3-5 days,no,Sometimes,yes,Moderate,yes,no,not sure,Yes,no
22,20.5456936226167,Not Sure,Never,3-5 days,no,Frequently,no,Moderate,yes,no,no,No,no
20,12.91413017263646,Sometimes irregular,Sometimes,3-5 days,yes,Sometimes,not sure,Mild,yes,no,no,Don't Know,no
16,,Regular,Never,3-5 days,no,Rarely,no,No,yes,no,no,Don't Know,no
21,39.51620806467418,Irregular,Frequently,more than 7 days,yes,Sometimes,not sure,Mild,yes,yes,yes,Yes,yes
20,19.223375624759708,Regular,Never,6-7 days,no,Frequently,no,Not Sure,yes,no,no,No,no
36,,Regular,Never,3-5 days,no,Rarely,no,No,yes,no,no,No,no
21,20.811654526534856,Regular,Never,3-5 days,no,Rarely,not sure,Moderate,no,no,not sure,No,no
20,16.649323621227886,Sometimes irregular,Sometimes,3-5 days,no,Rarely,yes,No,yes,yes,no,No,no
20,25.82644240805816,Regular,Sometimes,3-5 days,no,Never,no,Moderate,yes,yes,no,No,no
20,15.241579027587257,Regular,Never,3-5 days,no,Never,no,Moderate,no,no,no,No,no
22,,Sometimes irregular,Rarely,1-2 days,yes,Rarely,no,Mild,yes,no,no,No,no
18,19.375038750077497,Sometimes irregular,Never,Varies Significantly,yes,Rarely,yes,Mild,yes,yes,yes,No,no
20,19.52636810287478,Sometimes irregular,Rarely,1-2 days,no,Sometimes,yes,Moderate,yes,not sure,no,No,no
21,21.09726441675105,Regular,Rarely,3-5 days,no,Never,yes,No,yes,not sure,not sure,Yes,no
19,17.028842651435305,Regular,Never,3-5 days,no,Sometimes,not sure,Mild,no,no,no,No,no
19,23.046875,Regular,Rarely,3-5 days,yes,Never,no,Mild,yes,yes,not sure,No,no
21,28.38140441905884,Regular,Never,6-7 days,no,Rarely,no,Moderate,no,no,yes,No,no
21,21.56986735848472,Regular,Never,3-5 days,yes,Sometimes,no,Mild,yes,no,no,No,no
20,17.28790689829651,Regular,Rarely,6-7 days,no,Sometimes,yes,Mild,yes,yes,yes,No,no
49,27.98616708344528,Irregular,Sometimes,1-2 days,yes,Not Sure,yes,No,yes,yes,no,Yes,yes
21,22.26376185013214,Regular,Sometimes,3-5 days,no,Never,no,Mild,no,no,no,No,no
20,26.23889519862757,Regular,Never,3-5 days,yes,Not Sure,not sure,Mild,yes,yes,not sure,Yes,yes
21,,Regular,Rarely,3-5 days,no,Rarely,no,Moderate,no,no,no,No,no
20,36.05191475725044,Irregular,Sometimes,6-7 days,no,Rarely,no,Mild,yes,yes,yes,No,yes
20,13.602068020462571,Sometimes irregular,Never,3-5 days,yes,Sometimes,no,Mild,yes,no,no,No,no
21,16.129064516193544,Sometimes irregular,Sometimes,6-7 days,no,Sometimes,not sure,Moderate,yes,yes,no,No,yes
21,16.228591156224415,Sometimes irregular,Rarely,3-5 days,no,Never,no,No,no,no,no,Don't Know,yes
27,21.227887617065555,Sometimes irregular,Sometimes,3-5 days,yes,Sometimes,no,No,yes,no,no,No,no
22,16.406249999999996,Regular,Never,3-5 days,no,Never,no,Moderate,no,no,no,No,no
21,20.82465639316952,Regular,Never,6-7 days,no,Sometimes,no,Mild,no,no,no,Yes,yes
20,17.078776431135235,Regular,Never,3-5 days,yes,Sometimes,no,No,yes,no,no,No,yes
20,16.129064516193544,Regular,Rarely,6-7 days,no,Sometimes,no,Moderate,yes,no,no,No,yes
20,23.1404958677686,Regular,Never,6-7 days,no,Never,no,No,no,no,no,No,no
27,20.23950075898128,Regular,Never,3-5 days,no,Sometimes,no,Mild,yes,no,no,No,no
20,17.92821542543655,Regular,Never,3-5 days,no,Not Sure,not sure,Moderate,no,no,not sure,No,no
23,17.122495256606044,Sometimes irregular,Sometimes,more than 7 days,yes,Frequently,yes,No,yes,yes,no,No,no
20,19.994665090109542,Regular,Never,3-5 days,no,Rarely,not sure,Mild,no,not sure,yes,No,no
20,14.944933471134158,Regular,Sometimes,6-7 days,yes,Sometimes,no,Moderate,yes,no,no,No,no
20,26.946387981967195,Regular,Never,3-5 days,no,Sometimes,no,No,yes,no,no,No,no
19,15.77517947935304,Regular,Rarely,3-5 days,no,Rarely,no,Moderate,yes,no,no,No,no
20,16.660258874791747,Regular,Rarely,3-5 days,no,Never,yes,Mild,yes,no,no,No,no
45,25.354054614359228,Regular,Never,3-5 days,no,Never,no,Moderate,yes,no,no,No,no
20,21.19504833539989,Irregular,Frequently,3-5 days,no,Sometimes,not sure,No,yes,not sure,not sure,Don't Know,yes
20,14.379911572323143,Irregular,Sometimes,3-5 days,yes,Rarely,yes,Moderate,yes,no,yes,No,yes
20,23.743664794505083,Regular,Never,6-7 days,no,Rarely,no,Moderate,yes,yes,no,No,no
26,24.908222451890264,Not Sure,Never,3-5 days,no,Sometimes,no,Moderate,no,yes,yes,No,no
28,19.375038750077497,Regular,Never,3-5 days,no,Sometimes,no,No,no,no,no,No,no
32,33.4678088711016,Regular,Never,1-2 days,no,Rarely,no,No,no,yes,no,No,yes
20,16.167393445898,Regular,Sometimes,3-5 days,no,Not Sure,no,No,yes,no,no,No,no
34,29.28955215431217,Regular,Never,3-5 days,no,Sometimes,yes,Mild,yes,yes,no,No,yes
40,27.492664498900623,Regular,Never,3-5 days,no,Rarely,no,Mild,yes,yes,yes,No,yes
22,19.375038750077497,Regular,Rarely,1-2 days,no,Never,no,Mild,yes,no,not sure,No,no
20,24.444444444444443,Regular,Never,3-5 days,no,Sometimes,no,Moderate,no,not sure,yes,No,no
20,15.500031000061998,Regular,Never,1-2 days,yes,Never,yes,Mild,yes,no,no,No,no
