Timestamp,Email Address,Do you agree to participate in this academic reserach survey,Age,Height,Weight,How regular are your periods,How often do you miss you periods,How does long your periods usually last,Have you noticed a significant change in your periods during the last year,Do you experience unusually heavy menstrual bleeding,Do you experience exceesive facial & body hair growth,Do you experience acne,Where does your acne commonly occur,Have you experienced unusual hair thinning or hair loss,Have you experienced unexplained weight gain?,"Have you noticed dark or thickened skin, especially around your neck",How many days per week do you perform exercise,Approximately how long do you exercise per session,What type of physical activity do you usually perform,How many hours do you usually sleep per night,How would you describe your usual stress level,How frequently do you consume sugary drinks or foods,How frequently do you consume fast food or highly processed food?,How frequently do you eat fruits and vegetables?,What type of diet do you mainly follow,How many meals do you usually have per day?,How often do you experienced sugar cravings,Does anyone from your family have a pcos,Have you ever diagnosed by Doctor,Height_cm,Weight_kg,BMI
8/29/2026 20:38:47,pooja.pawarr.07@gmail.com,yes,20,4'9,55,regular,Never,3-5 days,yes,Not sure,No,Mild,"Cheeks, Back",Yes,Yes,No,0 days,Never,Walking,7-8 hours,Moderate,3–4 times per week,1–2 times per week,1 serving per days,Non-vegetarian,3,Sometimes,No,No,144.78,55.0,26.238895198627578
8/29/2026 20:47:52,sarusawant21@gmail.com,yes,38,4'8,55,regular,Never,3-5 days,no,Never,No,Mild,Cheeks,Yes,Yes,Yes,Never,Never,,7-8 hours,Moderate,3–4 times per week,Almost every day,2-3 servings per days,Vegetarian,4,Never,No,No,142.24,55.0,27.18436559322098
8/29/2026 20:48:42,riya72018@gmail.com,yes,20,5`7,48,regular,Never,6-7 days,no,rarely,No,Mild,"Chin, Cheeks",Yes,Not Sure,No,0 days,Never,Walking,7-8 hours,Moderate,Almost every day,Almost every day,more than 3 servings per days,Non-vegetarian,1–2,Sometimes,No,Yes,170.18,48.0,16.573880329761103
8/29/2026 20:49:20,aparnam.pawar18@gmail.com,yes,44,4'3,65,Irregular,Sometimes,3-5 days,yes,rarely,Yes,No,,Yes,Yes,No,Never,Never,Walking,5-6 hours,Moderate,Almost every day,Rarely,Rarely,Vegetarian,3,Sometimes,No,Yes,,65.0,
8/29/2026 20:57:22,veena.18may@gmail.com,yes,38,5'2,43,regular,Never,3-5 days,no,rarely,No,Mild,Cheeks,Yes,No,No,3-4 days,30–60 minutes,"Walking, Yoga",7-8 hours,Low,Rarely,Rarely,2-3 servings per days,Vegetarian,3,Rarely,No,No,157.48000000000002,43.0,17.33874435490806
8/29/2026 21:03:58,kariyapalak05@gmail.com,yes,18,5'7,65,regular,Never,1-2 days,yes,Never,No,No,Back,Yes,Yes,No,Never,Less than 15 minutes,Walking,5-6 hours,Low,Rarely,3–4 times per week,1 serving per days,Vegetarian,3,Almost every day,No,No,170.18,65.0,22.44379627988483
8/29/2026 21:24:14,arpita2september@gmail.com,yes,21,5'3,66,regular,Never,6-7 days,no,rarely,No,Mild,"Chin, Forehead, Cheeks",No,Yes,Yes,Never,Never,Walking,7-8 hours,Moderate,1–2 times per week,1–2 times per week,2-3 servings per days,Non-vegetarian,1–2,Sometimes,No,Yes,160.02,66.0,25.77480589579471
8/29/2026 21:29:45,ruchitautekar26@gmail.com,yes,24,4'9,38,Sometimes irregular,Never,3-5 days,no,rarely,No,No,,Yes,No,No,Never,Never,Walking,7-8 hours,Moderate,Rarely,1–2 times per week,Rarely,Non-vegetarian,3,Rarely,No,No,144.78,38.0,18.128691228142692
8/30/2026 10:53:14,shravanisd22hdcomp@student.mes.ac.in,yes,20,156,62,Sometimes irregular,Never,3-5 days,yes,Sometimes,No,Moderate,"Chin, Forehead, Cheeks",No,Yes,No,3-4 days,Less than 15 minutes,"Walking, ",7-8 hours,High,Rarely,1–2 times per week,2-3 servings per days,Non-vegetarian,1–2,Rarely,Yes,Yes,156.0,62.0,25.476660092044707
8/30/2026 10:55:14,dikshadayal2004@gmail.com,yes,21,5'2,55,regular,Never,3-5 days,no,rarely,No,Moderate,"Forehead, Cheeks",No,Yes,Yes,1-2 days,15–30 minutes,Walking,5-6 hours,Moderate,1–2 times per week,1–2 times per week,1 serving per days,Vegetarian,3,Rarely,No,No,157.48000000000002,55.0,22.177463709766123
8/30/2026 11:51:19,saanvimyk@gmail.com,yes,19,5’3,40,Not Sure,rarely,6-7 days,no,Sometimes,No,Moderate,Cheeks,No,No,No,3-4 days,More than 60 minutes,"Walking, Cycling, GYM",5-6 hours,Moderate,Rarely,1–2 times per week,1 serving per days,"Depends, both",3,Rarely,No,Yes,160.02,40.0,15.621094482299824
8/30/2026 11:55:12,tanvimusale21@gmail.com,yes,20,5 ft,50,Irregular,Sometimes,3-5 days,yes,Sometimes,Yes,Mild,"Forehead, Cheeks",Yes,Yes,Not Sure,Never,Never,Walking,7-8 hours,High,3–4 times per week,1–2 times per week,Rarely,Non-vegetarian,1–2,Sometimes,Yes,No,152.4,50.0,21.527820833419444
8/30/2026 12:10:17,thakarepooja86@gmail.com,yes,20,4'8,50,regular,Never,3-5 days,no,Never,No,Mild,Cheeks,No,Not Sure,No,1-2 days,30–60 minutes,Yoga,5-6 hours,Low,1–2 times per week,1–2 times per week,2-3 servings per days,Both balanced,3,Rarely,No,No,142.24,50.0,24.713059630200892
8/30/2026 12:19:34,hetalpathak2831@gmail.com,yes,20,5.0 feet,58,regular,Never,3-5 days,yes,rarely,No,Mild,"Chin, Forehead",No,Yes,No,3-4 days,30–60 minutes,"Walking, GYM",7-8 hours,Moderate,Rarely,1–2 times per week,1 serving per days,Vegetarian,3,Sometimes,No,Yes,152.4,58.0,24.972272166766555
8/30/2026 12:50:26,deshmukhria890@gmail.com,yes,23,4'5,43,Irregular,Frequently,3-5 days,yes,rarely,Yes,Mild,Cheeks,Yes,No,No,1-2 days,30–60 minutes,GYM,More than 8 hours,Moderate,1–2 times per week,1–2 times per week,2-3 servings per days,Both,3,Rarely,No,Yes,134.62,43.0,23.727352545484724
8/30/2026 17:52:50,hashadpm45@gmail.com,yes,19,4'11,39,Sometimes irregular,Frequently,more than 7 days,yes,rarely,No,Moderate,Forehead,No,No,No,0 days,Never,Walking,7-8 hours,Moderate,Rarely,1–2 times per week,1 serving per days,Vegetarian,5 or more,Rarely,No,No,149.86,39.0,17.36573424310307
8/30/2026 18:16:45,truptisanap75@gmail.com,yes,21,5'3,50,regular,rarely,3-5 days,yes,Never,Yes,No,Cheeks,No,No,No,3-4 days,30–60 minutes,"Yoga, GYM",7-8 hours,Moderate,1–2 times per week,Rarely,1 serving per days,Both,1–2,Rarely,Yes,Yes,160.02,50.0,19.52636810287478
8/30/2026 18:32:52,thorvebhumika@gmail.com,yes,21,4'1,40,regular,Sometimes,3-5 days,no,Not sure,No,No,"None, ",No,No,Yes,3-4 days,15–30 minutes,Yoga,5-6 hours,Moderate,Rarely,Rarely,1 serving per days,Both,3,Rarely,No,Yes,,40.0,
8/30/2026 18:35:45,sanika.tiwari10@gmail.com,yes,21,164,39,regular,Never,6-7 days,no,Sometimes,Yes,Mild,"Forehead, Cheeks",Yes,No,No,Never,Never,,7-8 hours,High,3–4 times per week,1–2 times per week,2-3 servings per days,Non-vegetarian,3,Rarely,No,Yes,164.0,39.0,14.500297441998812
8/30/2026 18:52:50,snehagaikwad0904@gmail.com,yes,18,5'4,45,regular,rarely,1-2 days,yes,rarely,Yes,Mild,"Forehead, Back",Yes,Yes,Yes,0 days,Less than 15 minutes,Walking,5-6 hours,Moderate,1–2 times per week,Rarely,Rarely,Non-vegetarian,1–2,Never,No,Yes,162.56,45.0,17.028842651435305
8/30/2026 18:56:38,ritupandey1720@gmail.com,yes,19,5'2,55,Irregular,rarely,3-5 days,no,rarely,Not sure,Moderate,Chin,Yes,No,No,Never,Never,"Walking, Sports",5-6 hours,Moderate,Rarely,3–4 times per week,Rarely,Vegetarian,1–2,Rarely,No,No,157.48000000000002,55.0,22.177463709766123
8/30/2026 18:58:39,ruchitagawand26@gmail.com,yes,19,5'2,43,regular,Never,3-5 days,no,Sometimes,Not sure,Moderate,"Chin, Cheeks",Yes,No,No,0 days,Never,Walking,5-6 hours,High,Rarely,Almost every day,1 serving per days,Non-vegetarian,1–2,Sometimes,Yes,No,157.48000000000002,43.0,17.33874435490806
8/30/2026 19:01:32,bhargavigharat1411@gmail.com,yes,18,5’2,62,Sometimes irregular,Never,6-7 days,yes,Frequently,Not sure,Moderate,"Chin, Forehead, Jawline",Yes,Yes,No,1-2 days,15–30 minutes,Walking,More than 8 hours,Low,3–4 times per week,3–4 times per week,2-3 servings per days,Non-vegetarian,1–2,Sometimes,Don't Know,No,157.48000000000002,62.0,25.000050000099993
8/30/2026 19:08:10,vaidehi.pawar107@gmail.com,yes,18,5'2,60,Irregular,rarely,3-5 days,yes,Sometimes,Yes,Moderate,"Chin, Forehead",No,Yes,Yes,1-2 days,Less than 15 minutes,Walking,5-6 hours,High,Almost every day,3–4 times per week,2-3 servings per days,Non-vegetarian,3,Almost every day,No,Yes,157.48000000000002,60.0,24.193596774290313
8/30/2026 19:11:53,aditimundhe05@gmail.com,yes,21,5'2,41,regular,rarely,3-5 days,no,Never,Yes,Mild,"Forehead, Cheeks",Yes,No,No,1-2 days,15–30 minutes,"Walking, Yoga",7-8 hours,Moderate,Rarely,Rarely,1 serving per days,Vegetarian,1–2,Rarely,Don't Know,No,157.48000000000002,41.0,16.532291129098382
8/30/2026 19:16:03,sharvariamirgal@gmail.com,yes,18,5'1,48,regular,rarely,3-5 days,no,Sometimes,No,Mild,"Forehead, Cheeks, Jawline",Yes,No,No,1-2 days,15–30 minutes,Walking,5-6 hours,Low,Rarely,Rarely,1 serving per days,Non-vegetarian,1–2,Sometimes,No,No,154.94,48.0,19.994665090109542
8/30/2026 19:21:00,gayatri.ghodvinde08@gmail.com,yes,19,5,41,regular,Never,1-2 days,no,Sometimes,No,Mild,Cheeks,Yes,No,No,Never,Never,Walking,7-8 hours,Moderate,Rarely,1–2 times per week,2-3 servings per days,Vegetarian,1–2,Never,No,No,152.4,41.0,17.65281308340394
8/30/2026 19:26:52,kaminigj22hdcomp@student.mes.ac.in,yes,20,5'1,61,Sometimes irregular,rarely,more than 7 days,yes,Frequently,Yes,No,,No,Yes,Yes,0 days,Never,,7-8 hours,High,Almost every day,3–4 times per week,1 serving per days,Vegetarian,1–2,Sometimes,No,Yes,154.94,61.0,25.409886885347543
8/30/2026 20:39:28,vedikamahadik41@gmail.com,yes,18,156,45,regular,Never,3-5 days,no,Sometimes,No,No,,Yes,Not Sure,No,1-2 days,Less than 15 minutes,Walking,More than 8 hours,Moderate,1–2 times per week,1–2 times per week,2-3 servings per days,Vegetarian,3,Almost every day,No,No,156.0,45.0,18.49112426035503
8/31/2026 12:43:59,kamblevandna54@gmail.com,yes,20,5'4,75,Irregular,Frequently,more than 7 days,yes,Sometimes,Not sure,Moderate,Forehead,Yes,Yes,Yes,1-2 days,15–30 minutes,"Walking, Yoga",7-8 hours,Moderate,1–2 times per week,Rarely,2-3 servings per days,Non-vegetarian,3,Sometimes,Don't Know,Yes,162.56,75.0,28.38140441905884
8/31/2026 13:21:27,asmitaad24hite@student.mes.ac.in,no,20,154cm,45,Sometimes irregular,Sometimes,6-7 days,no,Sometimes,Yes,Mild,"Forehead, Cheeks",Yes,Yes,Not Sure,Never,Never,,7-8 hours,High,3–4 times per week,3–4 times per week,1 serving per days,Vegetarian,3,Rarely,No,No,154.0,45.0,18.974531961544947
8/31/2026 14:35:30,prarthanaym23hcompe@student.mes.ac.in,yes,21,4'11,38,Sometimes irregular,Sometimes,3-5 days,no,Never,No,Mild,Cheeks,Yes,No,Not Sure,0 days,Never,Walking,7-8 hours,High,Rarely,1–2 times per week,1 serving per days,Non-vegetarian,3,Rarely,No,Yes,149.86,38.0,16.920459006100426
8/31/2026 14:58:59,shravanitelavane@gmail.com,yes,20,5'5,79,Irregular,Frequently,3-5 days,yes,Not sure,Yes,Mild,"Jawline, Chest",No,Yes,Yes,3-4 days,30–60 minutes,Yoga,7-8 hours,Moderate,1–2 times per week,Rarely,1 serving per days,Non-vegetarian,3,Sometimes,Yes,Yes,165.1,79.0,28.98230648532303
8/31/2026 14:59:13,harshadan23hcompe@student.mes.ac.in,yes,21,149 cm,40,regular,Never,6-7 days,no,Never,Yes,Moderate,Cheeks,Yes,No,No,0 days,30–60 minutes,Sports,7-8 hours,Moderate,Rarely,1–2 times per week,2-3 servings per days,Non-vegetarian,3,Rarely,No,No,149.0,40.0,18.017206432142697
8/31/2026 15:05:46,shelarvedanti485@gmail.com,yes,20,6 ft,60,regular,Never,3-5 days,no,rarely,Yes,Moderate,"Chin, Cheeks, Chest",No,No,No,3-4 days,15–30 minutes,"Walking, Cycling",7-8 hours,High,1–2 times per week,3–4 times per week,2-3 servings per days,Both ,1–2,Sometimes,No,No,182.88,60.0,17.939850694516203
8/31/2026 15:33:31,shriyapr23hcompe@student.mes.ac.in,yes,21,5'1 ,46,Sometimes irregular,Never,3-5 days,yes,Never,No,Mild,"Cheeks, Jawline",No,No,No,3-4 days,15–30 minutes,Yoga,5-6 hours,High,Almost every day,Rarely,2-3 servings per days,Non-vegetarian,3,Sometimes,No,Yes,154.94,46.0,19.161554044688312
8/31/2026 15:51:13,mansvihp24hmeche@student.mes.ac.in,yes,19,6.53,55,Irregular,Frequently,3-5 days,yes,Sometimes,No,Mild,"Chin, Forehead, Cheeks",Yes,No,No,3-4 days,More than 60 minutes,GYM,5-6 hours,High,Rarely,1–2 times per week,1 serving per days,Non-vegetarian,1–2,Sometimes,No,Yes,,55.0,
8/31/2026 16:57:20,sakshism24hite@student.mes.ac.in,yes,19,5'2,50,Sometimes irregular,Never,3-5 days,no,Sometimes,No,Moderate,Cheeks,No,Not Sure,No,Never,Never,Walking,More than 8 hours,Moderate,1–2 times per week,3–4 times per week,1 serving per days,Non-vegetarian,3,Rarely,No,No,157.48000000000002,50.0,20.16133064524193
8/31/2026 17:07:34,bhaktikhandekar66@gmail.com,yes,20,4.9,42,Sometimes irregular,Never,6-7 days,yes,Frequently,No,Moderate,Forehead,Yes,No,No,0 days,Never,Walking,5-6 hours,Moderate,Almost every day,Almost every day,more than 3 servings per days,Non-vegetarian,3,Almost every day,Yes,Yes,144.78,42.0,20.036974515315606
8/31/2026 17:08:16,sanikasd23hcompe@student.mes.ac.in,yes,20,5'6,49,regular,rarely,3-5 days,no,Never,No,Moderate,"Chin, Cheeks",No,No,No,1-2 days,Less than 15 minutes,"Walking, Cycling",5-6 hours,Moderate,1–2 times per week,Almost every day,Rarely,Non-vegetarian,3,Sometimes,No,No,167.64000000000001,49.0,17.435755716323186
8/31/2026 17:17:50,kelkarshalmali05@gmail.com,yes,21,5'2,53,regular,Never,3-5 days,yes,rarely,No,Mild,"Forehead, Cheeks",Yes,No,Yes,1-2 days,30–60 minutes,"Walking, Cycling, Yoga, Dance",7-8 hours,High,1–2 times per week,Daily,2-3 servings per days,Vegetarian,3,Almost every day,No,No,157.48000000000002,53.0,21.371010483956443
8/31/2026 17:21:47,patilsanikacool@gmail.com,yes,21,5’1,40,regular,rarely,3-5 days,no,rarely,Yes,Mild,"Chin, Forehead, Cheeks, Jawline, Chest",Yes,No,No,0 days,Never,Cycling,7-8 hours,Moderate,Multiple times a day,1–2 times per week,Rarely,Non-vegetarian,4,Rarely,No,No,154.94,40.0,16.66222090842462
8/31/2026 19:09:59,riyasp25hcompe@student.mes.ac.in,yes,19,154 cm,46,regular,Never,3-5 days,no,Not sure,Yes,Mild,Cheeks,No,No,No,3-4 days,15–30 minutes,Yoga,More than 8 hours,Low,Rarely,1–2 times per week,1 serving per days,Non-vegetarian,3,Sometimes,No,Yes,154.0,46.0,19.396188227357058
8/31/2026 19:23:10,shreyasi24hcompe@student.mes.ac.in,yes,21,5'4,49,regular,Never,3-5 days,no,Never,No,Moderate,"Forehead, Back",No,No,No,3-4 days,15–30 minutes,"Walking, Sports",5-6 hours,Moderate,Rarely,1–2 times per week,1 serving per days,Both,3,Sometimes,No,Yes,162.56,49.0,18.542517553785107
8/31/2026 19:28:51,ishwaript25hcompe@student.mes.ac.in,yes,19,5’5 ,62,Sometimes irregular,Never,3-5 days,no,Sometimes,No,Moderate,"Chin, Cheeks, Chest, Back",Yes,No,No,Never,Never,Walking,7-8 hours,Moderate,1–2 times per week,Rarely,Rarely,Vegetarian,3,Rarely,No,No,165.1,62.0,22.745607621392757
8/31/2026 23:01:22,aditinm25hcivile@student.mes.ac.in,yes,18,5'5,64,Sometimes irregular,rarely,3-5 days,no,rarely,No,No,,No,No,Yes,1-2 days,30–60 minutes,"Walking, Cardio",5-6 hours,High,1–2 times per week,Rarely,1 serving per days,Eggitarian,1–2,Rarely,No,No,165.1,64.0,23.4793368995022
9/1/2026 5:24:25,vrushaliap24hcompe@student.mes.ac.in,yes,20,165,46,Sometimes irregular,Sometimes,3-5 days,no,Never,No,Mild,"Chin, Forehead, Cheeks",Yes,No,Not Sure,0 days,Never,Walking,7-8 hours,High,1–2 times per week,1–2 times per week,1 serving per days,Non-vegetarian,3,Sometimes,No,No,165.0,46.0,16.896235078053262
9/1/2026 5:30:16,patilvrushali0017@gmail.com,yes,42,130,75,regular,rarely,6-7 days,yes,rarely,No,Not Sure,Cheeks,Yes,Yes,Yes,Never,Never,"Walking, Housework ",More than 8 hours,Low,Almost every day,1–2 times per week,Rarely,Non-vegetarian,4,Almost every day,No,No,130.0,75.0,44.378698224852066
9/1/2026 13:53:00,kmhatre1289@gmail.com,yes,22,5.1,42,regular,Never,3-5 days,no,Never,No,Mild,"Chin, Forehead",Yes,No,No,0 days,Never,Walking,5-6 hours,Moderate,3–4 times per week,3–4 times per week,Rarely,Non-vegetarian,3,Rarely,No,No,154.94,42.0,17.49533195384585
9/1/2026 13:56:19,shewalesneha21@gmail.com,yes,21,5.1,52,Sometimes irregular,Sometimes,3-5 days,no,Sometimes,No,Not Sure,"Forehead, Cheeks",Yes,No,No,3-4 days,Never,,7-8 hours,Very high,Almost every day,3–4 times per week,Rarely,Both ,1–2,Sometimes,No,No,154.94,52.0,21.660887180952006
9/1/2026 13:56:46,mistrymizba7865@gmail.com,yes,21,5.2,80,Sometimes irregular,Sometimes,6-7 days,yes,Sometimes,Yes,Moderate,"Chin, Forehead",Yes,Yes,Yes,3-4 days,30–60 minutes,GYM,5-6 hours,High,Rarely,3–4 times per week,1 serving per days,Non-vegetarian,3,Rarely,No,No,157.48000000000002,80.0,32.25812903238709
9/1/2026 14:41:33,snehamp23hcompe@student.mes.ac.in,yes,20,5.4,67,regular,Never,3-5 days,no,rarely,No,Mild,"Chin, Cheeks",No,No,No,3-4 days,30–60 minutes,GYM,5-6 hours,High,3–4 times per week,1–2 times per week,1 serving per days,Vegetarian,3,Almost every day,No,No,162.56,67.0,25.354054614359228
9/1/2026 14:46:41,srushtivp23hcompe@student.mes.ac.in,yes,20,5.7 feet,57,regular,rarely,3-5 days,no,Sometimes,No,Mild,"Forehead, Cheeks, Chest",Yes,No,Not Sure,0 days,Less than 15 minutes,,7-8 hours,High,Rarely,1–2 times per week,Rarely,Non-vegetarian,3,Almost every day,No,Yes,170.18,57.0,19.681482891591312
9/1/2026 14:48:19,saloniam23hcompe@student.mes.ac.in,yes,21,5’4,65,regular,Never,3-5 days,no,Sometimes,Yes,No,Cheeks,Yes,No,No,3-4 days,More than 60 minutes,GYM,Less than 5 hours,High,Almost every day,3–4 times per week,Rarely,Vegetarian,4,Sometimes,Yes,No,162.56,65.0,24.597217163184325
9/1/2026 14:53:44,bodekardivya11@gmail.com,yes,21,5 feet,45,regular,Never,more than 7 days,no,Sometimes,No,Moderate,"Chin, Cheeks",Yes,No,No,3-4 days,Never,"Yoga, GYM",More than 8 hours,Very high,Multiple times a day,Rarely,Rarely,Non-vegetarian,3,Sometimes,No,No,152.4,45.0,19.375038750077497
9/1/2026 15:04:00,pp5064492@gmail.com,yes,20,4'9,55,regular,Never,3-5 days,yes,Not sure,No,Mild,"Cheeks, Back",Yes,Yes,No,Never,Never,Walking,7-8 hours,Moderate,1–2 times per week,1–2 times per week,2-3 servings per days,Both,3,Sometimes,Yes,No,144.78,55.0,26.238895198627578
9/1/2026 15:07:25,dikshart23hcompe@student.mes.ac.in,yes,21,5'3,47,regular,Never,3-5 days,no,Never,No,Mild,"Forehead, Cheeks",Yes,No,No,Never,Never,Walking,7-8 hours,High,Almost every day,Almost every day,2-3 servings per days,Non-vegetarian,4,Sometimes,Don't Know,No,160.02,47.0,18.354786016702292
9/1/2026 15:29:09,diyamp23hecse@student.mes.ac.in,yes,21,5.4,65,Sometimes irregular,Sometimes,3-5 days,yes,rarely,Yes,No,Chin,No,Yes,Yes,3-4 days,30–60 minutes,"Walking, Cycling, GYM",5-6 hours,High,1–2 times per week,1–2 times per week,1 serving per days,Vegetarian,4,Almost every day,Yes,Yes,162.56,65.0,24.597217163184325
9/1/2026 15:41:56,vaibhavinm23hcompe@student.mes.ac.in,yes,21,"5'2""",58,Irregular,Never,3-5 days,no,rarely,Not sure,Moderate,Forehead,Yes,Not Sure,No,0 days,Never,Walking,5-6 hours,High,1–2 times per week,1–2 times per week,1 serving per days,Non-vegetarian,3,Sometimes,No,No,157.48000000000002,58.0,23.387143548480637
9/1/2026 16:27:50,shrutibhoir601@gmail.com,yes,22,5'3,46,regular,Never,3-5 days,yes,Frequently,No,Moderate,"Chin, Forehead, Cheeks, Back",Yes,No,No,0 days,Never,Walking,5-6 hours,Very high,3–4 times per week,3–4 times per week,1 serving per days,Non-vegetarian,1–2,Sometimes,No,No,160.02,46.0,17.964258654644798
9/1/2026 16:36:29,pranjalithakur768@gmail.com,yes,22,170 cm,55,regular,Never,3-5 days,no,rarely,No,Mild,"Chin, Cheeks",Yes,No,No,1-2 days,Less than 15 minutes,"Walking, Yoga",7-8 hours,Moderate,1–2 times per week,1–2 times per week,2-3 servings per days,Vegetarian,3,Sometimes,No,Yes,170.0,55.0,19.031141868512112
9/1/2026 16:43:06,poonamlm24hcompe@student.mes.ac.in,yes,20,5.4,38,regular,rarely,3-5 days,no,rarely,Not sure,Mild,Forehead,Yes,No,No,0 days,Never,Walking,7-8 hours,Moderate,Rarely,1–2 times per week,2-3 servings per days,Vegetarian,3,Rarely,No,No,162.56,38.0,14.379911572323145
9/1/2026 16:54:16,manasisp23hcompe@student.mes.ac.in,yes,20,166,45,regular,rarely,3-5 days,no,Sometimes,No,Moderate,"Forehead, Cheeks, Chest, Back",No,No,No,0 days,Never,Walking,7-8 hours,Moderate,1–2 times per week,Almost every day,2-3 servings per days,Both,1–2,Sometimes,Don't Know,No,166.0,45.0,16.330381768036002
9/1/2026 17:01:51,salonibk24hite@student.mes.ac.in,yes,20,5'3,46,Sometimes irregular,rarely,more than 7 days,no,rarely,Not sure,Moderate,"Chin, Forehead, Cheeks, Jawline, Nose",Yes,No,No,Never,Never,Walking,7-8 hours,Low,Rarely,Rarely,1 serving per days,Vegetarian,4,Never,No,Yes,160.02,46.0,17.964258654644798
9/1/2026 17:31:08,komaldk24hite@student.mes.ac.in,yes,21,5'6,42,regular,rarely,3-5 days,yes,Sometimes,No,Moderate,Cheeks,No,No,No,3-4 days,More than 60 minutes,GYM,7-8 hours,Moderate,Rarely,1–2 times per week,1 serving per days,Non-vegetarian,3,Rarely,No,No,167.64000000000001,42.0,14.944933471134158
9/1/2026 17:35:02,purvarp23hcompe@student.mes.ac.in,yes,20,5.5,43,regular,rarely,1-2 days,no,rarely,Not sure,Moderate,Cheeks,Yes,No,Not Sure,1-2 days,15–30 minutes,Walking,7-8 hours,Moderate,1–2 times per week,1–2 times per week,1 serving per days,Vegetarian,1–2,Rarely,Don't Know,No,165.1,43.0,15.77517947935304
9/1/2026 18:26:15,thakuraarya852@gmail.com,yes,17,5'4,42,regular,Sometimes,3-5 days,no,rarely,No,No,"Chin, Forehead",Yes,No,No,Never,Never,"Walking, Cycling",7-8 hours,Low,Rarely,Rarely,1 serving per days,Non-vegetarian,1–2,Never,No,No,162.56,42.0,15.893586474672949
9/1/2026 18:48:09,diyapatil236@gmail.com,yes,20,160,43,regular,Never,1-2 days,no,Never,No,No,,No,No,No,Never,Never,Walking,7-8 hours,Moderate,1–2 times per week,Rarely,1 serving per days,Vegetarian,1–2,Never,No,No,160.0,43.0,16.796874999999996
9/1/2026 18:50:49,tanvithakurs2003@gmail.com,yes,23,150 cm,35,regular,Never,3-5 days,no,Never,No,Mild,Cheeks,No,No,No,1-2 days,Less than 15 minutes,Yoga,7-8 hours,Moderate,1–2 times per week,3–4 times per week,1 serving per days,Non-vegetarian,1–2,Never,No,No,150.0,35.0,15.555555555555555
9/1/2026 19:36:20,vaishnavinc23hite@student.mes.ac.in,yes,21,153,50,regular,Never,3-5 days,no,Never,No,No,Cheeks,Yes,No,Yes,0 days,Never,"Walking, Yoga",7-8 hours,Low,1–2 times per week,3–4 times per week,1 serving per days,Vegetarian,1–2,Almost every day,No,No,153.0,50.0,21.35930624973301
9/1/2026 20:03:16,siddhisr23hcompe@student.mes.ac.in,yes,21,165 cm,55,regular,Never,3-5 days,no,Never,No,No,,Yes,No,No,3-4 days,Less than 15 minutes,Walking,7-8 hours,High,Multiple times a day,Almost every day,2-3 servings per days,Vegetarian,1–2,Almost every day,No,,165.0,55.0,20.202020202020204
9/1/2026 20:15:13,patilmadhuri5328@gmail.com,yes,37,5.4,58,regular,Never,3-5 days,yes,Never,No,No,,No,No,Yes,Never,Never,Walking,5-6 hours,Moderate,Almost every day,1–2 times per week,1 serving per days,Both ,1–2,Never,No,No,162.56,58.0,21.94828608407217
9/1/2026 20:24:00,dishamaheshpatil12@gmail.com,yes,22,163cm,50,regular,Never,3-5 days,no,Never,No,Moderate,Forehead,No,No,Yes,1-2 days,Less than 15 minutes,,5-6 hours,Low,Rarely,Rarely,Rarely,Non-vegetarian,1–2,Rarely,No,No,163.0,50.0,18.818924310286427
9/1/2026 20:26:12,riddhisiddhi1004@gmail.com,yes,36,5.2,68,Sometimes irregular,Never,3-5 days,no,Never,No,Moderate,"Forehead, Cheeks, Jawline",Yes,No,No,0 days,Never,"Walking, Daily routine works",5-6 hours,Moderate,Almost every day,Rarely,1 serving per days,Both ,1–2,Never,No,No,157.48000000000002,68.0,27.419409677529025
9/1/2026 20:26:29,vaishnavimakvani@gmail.com,yes,21,5,45,regular,Never,3-5 days,no,Never,No,No,,No,No,No,3-4 days,30–60 minutes,GYM,5-6 hours,Low,Rarely,1–2 times per week,2-3 servings per days,Vegetarian,1–2,Never,No,No,152.4,45.0,19.375038750077497
9/1/2026 20:26:37,yashodhakmbl@gmail.com,yes,17,5,30,regular,Never,3-5 days,no,Never,No,No,,No,Yes,No,Never,Never,Walking,5-6 hours,Low,Rarely,1–2 times per week,1 serving per days,Boph,1–2,Never,No,No,152.4,30.0,12.916692500051665
9/1/2026 20:43:45,dikshitamhatre658@gmail.com,yes,18,172,47,Sometimes irregular,Sometimes,more than 7 days,yes,Sometimes,No,Moderate,Forehead,Yes,No,No,3-4 days,15–30 minutes,Sports,5-6 hours,Very high,Rarely,1–2 times per week,1 serving per days,Non-vegetarian,5 or more,Never,Yes,No,172.0,47.0,15.886965927528395
9/1/2026 20:48:38,sakshipatil08236@gmail.com,yes,22,155,40,regular,rarely,3-5 days,no,rarely,No,No,,No,No,No,Never,Never,Walking,7-8 hours,Moderate,1–2 times per week,1–2 times per week,1 serving per days,Non-vegetarian,1–2,Rarely,Yes,No,155.0,40.0,16.649323621227886
9/1/2026 20:48:59,mhatrekasturi45@gmail.com,yes,17,5'8,66,Irregular,Sometimes,6-7 days,no,Not sure,Not sure,Not Sure,,Yes,No,Not Sure,1-2 days,Less than 15 minutes,Walking,5-6 hours,Low,1–2 times per week,1–2 times per week,more than 3 servings per days,Vegetarian,1–2,Never,Yes,Yes,172.72,66.0,22.123746669638667
9/1/2026 20:51:12,anushkavartak62@gmail.com,yes,20,5'7,50,Sometimes irregular,Never,3-5 days,yes,Sometimes,Yes,Mild,"Chin, Forehead, Cheeks",Yes,No,Yes,3-4 days,30–60 minutes,"Walking, Cycling, GYM",7-8 hours,Very high,3–4 times per week,1–2 times per week,2-3 servings per days,Non-vegetarian,3,Rarely,No,No,170.18,50.0,17.264458676834483
9/1/2026 20:55:45,dikshask24hcompe@student.mes.ac.in,no,21,4.8,35,regular,Never,3-5 days,yes,rarely,Yes,No,"Forehead, Jawline",Yes,Yes,Not Sure,0 days,30–60 minutes,"Yoga, GYM",7-8 hours,Very high,Almost every day,Almost every day,1 serving per days,Non-vegetarian,4,Rarely,No,No,142.24,35.0,17.299141741140623
9/1/2026 20:56:01,tanujajp2006@gmail.com,yes,20,140,40,Irregular,rarely,3-5 days,yes,rarely,No,Mild,Cheeks,Yes,No,No,Never,Never,"Walking, Working daily for 7-8 DAYS",More than 8 hours,Low,3–4 times per week,3–4 times per week,1 serving per days,Non-vegetarian,3,Sometimes,No,No,140.0,40.0,20.408163265306126
9/1/2026 20:56:09,vaishnavipatil42008@gmail.com,yes,20,150,40,regular,Never,3-5 days,yes,Never,No,No,,No,No,No,3-4 days,15–30 minutes,GYM,5-6 hours,Moderate,1–2 times per week,1–2 times per week,Rarely,Vegetarian,1–2,Never,No,No,150.0,40.0,17.77777777777778
9/1/2026 21:02:39,harshadapatil022010@gmail.com,yes,17,160,50,regular,Never,1-2 days,no,Never,No,No,Chest,No,No,No,3-4 days,15–30 minutes,Walking,7-8 hours,Low,1–2 times per week,1–2 times per week,1 serving per days,Non-vegetarian,3,Rarely,No,No,160.0,50.0,19.531249999999996
9/1/2026 21:11:40,rasikapatil599@gmail.com,yes,20,-,-,Sometimes irregular,Sometimes,3-5 days,yes,Never,Not sure,Moderate,"Chin, Forehead, Cheeks",Yes,Not Sure,Not Sure,Never,Never,,5-6 hours,High,Almost every day,3–4 times per week,Rarely,Non-vegetarian,1–2,Sometimes,No,No,,,
9/1/2026 21:13:02,ayusharj23hcompe@student.mes.ac.in,yes,20,5'3,41,regular,Never,3-5 days,no,Never,No,No,,Yes,No,No,1-2 days,30–60 minutes,"Stretching, Dancing ",Less than 5 hours,High,3–4 times per week,3–4 times per week,1 serving per days,Non-vegetarian,3,Sometimes,No,No,160.02,41.0,16.011621844357318
9/1/2026 21:27:13,ap0805662@gmail.com,yes,23,152,54,Irregular,Frequently,6-7 days,yes,Not sure,No,Mild,"Chin, Cheeks",Yes,Yes,Yes,1-2 days,Less than 15 minutes,Walking,7-8 hours,Moderate,Rarely,Rarely,more than 3 servings per days,Vegetarian,1–2,Sometimes,No,Yes,152.0,54.0,23.372576177285318
9/1/2026 21:29:48,dhruvamhatre0@gmail.com,yes,21,5'2,44,regular,rarely,1-2 days,no,Sometimes,No,Moderate,"Forehead, Cheeks",Yes,No,Not Sure,1-2 days,15–30 minutes,"Walking, Yoga",7-8 hours,High,Almost every day,3–4 times per week,1 serving per days,Non-vegetarian,3,Sometimes,No,No,157.48000000000002,44.0,17.741970967812897
9/1/2026 22:08:47,roshnigajananwaghmare@gmail.com,yes,20,5'7,57,regular,rarely,3-5 days,no,rarely,No,Mild,Cheeks,No,No,No,1-2 days,15–30 minutes,Walking,5-6 hours,Moderate,Rarely,1–2 times per week,1 serving per days,Both,3,Sometimes,No,No,170.18,57.0,19.681482891591312
9/1/2026 22:18:40,siddhipatil0305@gmail.com,yes,21,160,45,regular,Never,more than 7 days,no,Sometimes,No,No,"Chin, Forehead, Cheeks, Jawline",Yes,Yes,Yes,0 days,Never,,More than 8 hours,Very high,3–4 times per week,3–4 times per week,Rarely,Vegetarian,1–2,Never,No,No,160.0,45.0,17.578124999999996
9/1/2026 22:38:50,deshmukhsakshi097@gmail.com,yes,21,5'4,50,Sometimes irregular,Sometimes,1-2 days,yes,Never,No,No,,Yes,Yes,No,Never,Never,Walking,Less than 5 hours,Very high,Almost every day,Rarely,1 serving per days,Vegetarian,1–2,Sometimes,Yes,Yes,162.56,50.0,18.920936279372558
9/1/2026 22:49:01,gadesania@gmail.com,yes,21,5.4,63,Sometimes irregular,rarely,3-5 days,no,Sometimes,Yes,Moderate,"Chin, Forehead, Cheeks",Yes,No,Not Sure,1-2 days,15–30 minutes,"Walking, GYM, Sports",5-6 hours,High,1–2 times per week,Rarely,Rarely,Vegetarian,1–2,Never,Yes,No,162.56,63.0,23.840379712009426
9/1/2026 22:53:34,padmakarp785@gmail.com,yes,22,156cm,50,Not Sure,Never,3-5 days,no,Frequently,No,Moderate,"Cheeks, None",Yes,No,No,0 days,Never,,7-8 hours,Moderate,Rarely,Rarely,1 serving per days,Non-vegetarian,1–2,Sometimes,No,No,156.0,50.0,20.5456936226167
9/1/2026 23:30:29,samikshamhatre69@gmail.com,yes,20,5'11,42,Sometimes irregular,Sometimes,3-5 days,yes,Sometimes,Not sure,Mild,Back,Yes,No,No,Never,Never,Walking,7-8 hours,Moderate,Rarely,1–2 times per week,Rarely,Vegetarian,1–2,Sometimes,Don't Know,No,180.34,42.0,12.91413017263646
9/1/2026 23:49:28,lic.emmanuel892@gmail.com,yes,16,Maybe 5'2 ft,38,regular,Never,3-5 days,no,rarely,No,No,,Yes,No,No,Never,Never,Walking,Less than 5 hours,High,Almost every day,Almost every day,1 serving per days,Vegetarian,1–2,Almost every day,Don't Know,No,,38.0,
9/2/2026 0:26:34,ridd.16.hi@gmail.com,yes,21,5'2,98,Irregular,Frequently,more than 7 days,yes,Sometimes,Not sure,Mild,"Chin, Forehead, Cheeks",Yes,Yes,Yes,1-2 days,30–60 minutes,"Walking, Zumma ",5-6 hours,High,3–4 times per week,3–4 times per week,2-3 servings per days,Non-vegetarian,3,Almost every day,Yes,Yes,157.48000000000002,98.0,39.51620806467418
9/2/2026 15:35:33,praptisp23hite@student.mes.ac.in,yes,20,153 cm,45,regular,Never,6-7 days,no,Frequently,No,Not Sure,Back,Yes,No,No,0 days,Never,Walking,5-6 hours,Low,Rarely,1–2 times per week,1 serving per days,Both,3,Sometimes,No,No,153.0,45.0,19.223375624759708
9/2/2026 15:47:53,pratikshapatildiya@gmail.com,yes,36,5 f,67,regular,Never,3-5 days,no,rarely,No,No,,Yes,No,No,Never,Never,,5-6 hours,Low,Rarely,Rarely,1 serving per days,Vegetarian,3,Never,No,No,,67.0,
9/2/2026 15:48:36,nehapalvi05@gmail.com,yes,21,155cm,50,regular,Never,3-5 days,no,rarely,Not sure,Moderate,"Chin, Forehead, Cheeks",No,No,Not Sure,0 days,Never,,More than 8 hours,High,1–2 times per week,1–2 times per week,1 serving per days,Non-vegetarian,1–2,Almost every day,No,No,155.0,50.0,20.811654526534856
9/2/2026 19:47:34,sayaligt24hite@student.mes.ac.in,yes,20,155,40,Sometimes irregular,Sometimes,3-5 days,no,rarely,Yes,No,"Chin, Forehead, Cheeks",Yes,Yes,No,1-2 days,15–30 minutes,"Walking, Yoga",5-6 hours,Moderate,1–2 times per week,1–2 times per week,1 serving per days,Non-vegetarian,3,Rarely,No,No,155.0,40.0,16.649323621227886
9/2/2026 19:48:22,mansirp24hite@student.mes.ac.in,yes,20,5'1,62,regular,Sometimes,3-5 days,no,Never,No,Moderate,"Chin, Forehead, Cheeks, Jawline, Chest",Yes,Yes,No,1-2 days,15–30 minutes,"Walking, GYM",5-6 hours,Very high,Rarely,3–4 times per week,Rarely,Non-vegetarian,1–2,Never,No,No,154.94,62.0,25.82644240805816
9/2/2026 20:34:32,patilriya2309@gmail.com,yes,20,162,40,regular,Never,3-5 days,no,Never,No,Moderate,"Chin, Forehead",No,No,No,1-2 days,15–30 minutes,"Walking, Cycling, Yoga",7-8 hours,Low,Almost every day,Rarely,1 serving per days,Vegetarian,3,Sometimes,No,No,162.0,40.0,15.241579027587255
9/2/2026 23:45:56,sanikakene30@gmail.com,yes,22,3.5,61,Sometimes irregular,rarely,1-2 days,yes,rarely,No,Mild,"Forehead, Cheeks, Jawline",Yes,No,No,1-2 days,30–60 minutes,Walking,5-6 hours,Moderate,1–2 times per week,1–2 times per week,1 serving per days,Vegetarian,1–2,Rarely,No,No,,61.0,
9/2/2026 23:46:40,subhedarbhargavi0@gmail.com,yes,18,5 feet,45,Sometimes irregular,Never,Varies Significantly,yes,rarely,Yes,Mild,Cheeks,Yes,Yes,Yes,0 days,Never,Walking,5-6 hours,Low,1–2 times per week,Rarely,1 serving per days,Non-vegetarian,1–2,Almost every day,No,No,152.4,45.0,19.375038750077497
9/3/2026 0:35:49,nikinp23hite@student.mes.ac.in,yes,20,5.34,50,Sometimes irregular,rarely,1-2 days,no,Sometimes,Yes,Moderate,Cheeks,Yes,Not Sure,No,1-2 days,15–30 minutes,Yoga,5-6 hours,Moderate,Rarely,1–2 times per week,1 serving per days,Non-vegetarian,3,Sometimes,No,No,160.02,50.0,19.52636810287478
9/4/2026 17:16:23,d2023.purva.mhatre@ves.ac.in,yes,21,5,49,regular,rarely,3-5 days,no,Never,Yes,No,,Yes,Not Sure,Not Sure,0 days,Never,Walking,5-6 hours,High,1–2 times per week,1–2 times per week,1 serving per days,Vegetarian,3,Sometimes,Yes,No,152.4,49.0,21.097264416751052
9/6/2026 19:07:51,kasarkhushi06@gmail.com,yes,19,5.4,45,regular,Never,3-5 days,no,Sometimes,Not sure,Mild,"Forehead, Cheeks",No,No,No,Never,Never,,7-8 hours,Moderate,3–4 times per week,Rarely,2-3 servings per days,Vegetarian,1–2,Rarely,No,No,162.56,45.0,17.028842651435305
9/6/2026 19:12:39,pranitakedari497@gmail.com,yes,19,160 cm,59,regular,rarely,3-5 days,yes,Never,No,Mild,Forehead,Yes,Yes,Not Sure,1-2 days,Less than 15 minutes,Walking,7-8 hours,Moderate,Rarely,Rarely,Rarely,Non-vegetarian,1–2,Sometimes,No,No,160.0,59.0,23.046874999999996
9/6/2026 23:33:21,dasneha1812@gmail.com,yes,21,5'4,75,regular,Never,6-7 days,no,rarely,No,Moderate,Cheeks,No,No,Yes,Never,Never,Walking,5-6 hours,High,Rarely,1–2 times per week,2-3 servings per days,Non-vegetarian,3,Sometimes,No,No,162.56,75.0,28.38140441905884
9/7/2026 0:04:07,janhavipandav1509@gmail.com,yes,21,5.4,57,regular,Never,3-5 days,yes,Sometimes,No,Mild,"Chin, Forehead, Jawline, Back",Yes,No,No,1-2 days,15–30 minutes,Walking,More than 8 hours,Moderate,Rarely,1–2 times per week,1 serving per days,Non-vegetarian,1–2,Sometimes,No,No,162.56,57.0,21.569867358484718
9/7/2026 11:14:49,jatharpiyu@gmail.com,yes,20,154,41,regular,rarely,6-7 days,no,Sometimes,Yes,Mild,"Forehead, Cheeks",Yes,Yes,Yes,1-2 days,Less than 15 minutes,"Walking, Yoga",7-8 hours,Moderate,1–2 times per week,3–4 times per week,1 serving per days,Vegetarian,1–2,Sometimes,No,No,154.0,41.0,17.28790689829651
9/7/2026 22:02:49,jankipawar5557@gmail.com,yes,49,5,65,Irregular,Sometimes,1-2 days,yes,Not sure,Yes,No,,Yes,Yes,No,Never,Never,Walking,7-8 hours,Moderate,Rarely,Rarely,2-3 servings per days,Both,3,Never,Yes,Yes,152.4,65.0,27.986167083445277
9/8/2026 11:33:24,sejalsp23hecse@student.mes.ac.in,yes,21,4'11,50,regular,Sometimes,3-5 days,no,Never,No,Mild,Forehead,No,No,No,1-2 days,30–60 minutes,"Walking, GYM",Less than 5 hours,Moderate,Rarely,Rarely,1 serving per days,Non-vegetarian,1–2,Sometimes,No,No,149.86,50.0,22.26376185013214
9/8/2026 12:52:51,thunderslayer2023@gmail.com,yes,20,4'9,55,regular,Never,3-5 days,yes,Not sure,Not sure,Mild,"Forehead, Cheeks, Jawline, Chest, Back",Yes,Yes,Not Sure,Never,Never,Walking,7-8 hours,Moderate,3–4 times per week,Almost every day,2-3 servings per days,Both,3,Almost every day,Yes,Yes,144.78,55.0,26.238895198627578
9/8/2026 14:01:46,ramolalade@gmail.com,yes,21,5'8,5'8,regular,rarely,3-5 days,no,rarely,No,Moderate,Forehead,No,No,No,3-4 days,15–30 minutes,"Walking, Sports",7-8 hours,Moderate,3–4 times per week,Rarely,2-3 servings per days,Vegetarian,3,Sometimes,No,No,172.72,,
9/8/2026 14:31:36,pintokatrinabts11@gmail.com,yes,20,158 cm,90,Irregular,Sometimes,6-7 days,no,rarely,No,Mild,Cheeks,Yes,Yes,Yes,0 days,Never,Walking,Less than 5 hours,Low,Rarely,Rarely,2-3 servings per days,Non-vegetarian,3,Almost every day,No,Yes,158.0,90.0,36.05191475725044
9/8/2026 21:06:09,dsanika311@gmail.com,yes,20,5’10,43,Sometimes irregular,Never,3-5 days,yes,Sometimes,No,Mild,"Chin, Cheeks, Nose",Yes,No,No,0 days,Never,"Walking, Cycling",7-8 hours,Moderate,Rarely,1–2 times per week,2-3 servings per days,Vegetarian,4,Never,No,No,177.8,43.0,13.602068020462571
9/9/2026 13:29:06,dhakval04.mukta@gmail.com,yes,21,5.2,40,Sometimes irregular,Sometimes,6-7 days,no,Sometimes,Not sure,Moderate,"Forehead, Cheeks",Yes,Yes,No,0 days,Never,"Walking, GYM, Sports",5-6 hours,High,Almost every day,Rarely,Rarely,Vegetarian,1–2,Almost every day,No,Yes,157.48000000000002,40.0,16.129064516193544
9/9/2026 15:23:05,shrutisp23hcompe@student.mes.ac.in,yes,21,5'7,47,Sometimes irregular,rarely,3-5 days,no,Never,No,No,"None, ",No,No,No,1-2 days,15–30 minutes,"Walking, GYM, Sports",More than 8 hours,Moderate,1–2 times per week,1–2 times per week,2-3 servings per days,Both,3,Sometimes,Don't Know,Yes,170.18,47.0,16.228591156224415
9/9/2026 15:34:38,prajaktajathar938@gmail.com,yes,27,155,51 Kg,Sometimes irregular,Sometimes,3-5 days,yes,Sometimes,No,No,,Yes,No,No,3-4 days,15–30 minutes,"Walking, Yoga",5-6 hours,Moderate,1–2 times per week,Rarely,2-3 servings per days,Vegetarian,1–2,Sometimes,No,No,155.0,51.0,21.227887617065555
9/9/2026 15:36:04,sakshipatil52003@gmail.com,yes,22,160 cm,42,regular,Never,3-5 days,no,Never,No,Moderate,"Chin, Forehead, Cheeks, Jawline",No,No,No,0 days,Never,,7-8 hours,Moderate,1–2 times per week,Almost every day,1 serving per days,Both,1–2,Rarely,No,No,160.0,42.0,16.406249999999996
9/9/2026 15:42:19,shrushtimehetar48@gmail.com,no,21,147,45,regular,Never,6-7 days,no,Sometimes,No,Mild,"Forehead, Cheeks",No,No,No,1-2 days,30–60 minutes,Walking,Less than 5 hours,High,1–2 times per week,1–2 times per week,1 serving per days,Non-vegetarian,4,Sometimes,Yes,Yes,147.0,45.0,20.824656393169516
9/9/2026 15:48:48,desh.mayura111@gmail.com,yes,20,5’1,41,regular,Never,3-5 days,yes,Sometimes,No,No,,Yes,No,No,3-4 days,More than 60 minutes,Walking,5-6 hours,Moderate,3–4 times per week,Rarely,2-3 servings per days,Non-vegetarian,4,Rarely,No,Yes,154.94,41.0,17.078776431135235
9/9/2026 16:15:43,kajariprajwal17@gmail.com,yes,20,5'2,40,regular,rarely,6-7 days,no,Sometimes,No,Moderate,Cheeks,Yes,No,No,0 days,Never,Sports,7-8 hours,Low,3–4 times per week,3–4 times per week,1 serving per days,Non-vegetarian,1–2,Sometimes,No,Yes,157.48000000000002,40.0,16.129064516193544
9/9/2026 16:44:56,yriya3615@gmail.com,yes,20,165cm,63kg,regular,Never,6-7 days,no,Never,No,No,,No,No,No,1-2 days,15–30 minutes,"Walking, Cycling, Sports",5-6 hours,Low,Almost every day,1–2 times per week,1 serving per days,Vegetarian,4,Never,No,No,165.0,63.0,23.140495867768596
9/9/2026 17:24:40,snehclinic1706@gmail.com,yes,27,154,48,regular,Never,3-5 days,no,Sometimes,No,Mild,Forehead,Yes,No,No,1-2 days,Less than 15 minutes,Yoga,7-8 hours,Low,Rarely,Rarely,1 serving per days,Vegetarian,3,Rarely,No,No,154.0,48.0,20.23950075898128
9/9/2026 18:37:14,dhavalesiddhi26@gmail.com,yes,20,167 cm,50,regular,Never,3-5 days,no,Not sure,Not sure,Moderate,"Forehead, Cheeks",No,No,Not Sure,1-2 days,30–60 minutes,Sports,5-6 hours,Moderate,1–2 times per week,Rarely,1 serving per days,Vegetarian,3,Sometimes,No,No,167.0,50.0,17.92821542543655
9/9/2026 18:47:46,bhumigharat0918@gmail.com,yes,21,5,54,regular,Never,6-7 days,no,rarely,Yes,Mild,Cheeks,Yes,Yes,No,0 days,Never,Walking,5-6 hours,Moderate,Rarely,Rarely,1 serving per days,Both,1–2,Rarely,No,,152.4,54.0,23.250046500093
9/9/2026 18:49:14,deshmukhsiddhi2003@gmail.com,yes,23,147 cm ,37 kg ,Sometimes irregular,Sometimes,more than 7 days,yes,Frequently,Yes,No,,Yes,Yes,No,Never,Never,Walking,7-8 hours,High,Almost every day,Daily,Rarely,Vegetarian,1–2,Almost every day,No,No,147.0,37.0,17.122495256606044
9/9/2026 19:02:51,dhavaleriddhi656@gmail.com,yes,20,5.1,48,regular,Never,3-5 days,no,rarely,Not sure,Mild,Cheeks,No,Not Sure,Yes,1-2 days,15–30 minutes,Walking,5-6 hours,Moderate,1–2 times per week,Rarely,2-3 servings per days,Vegetarian,3,Rarely,No,No,154.94,48.0,19.994665090109542
9/9/2026 19:10:24,drushyajy24hcompe@student.mes.ac.in,yes,20,5'6,42,regular,Sometimes,6-7 days,yes,Sometimes,No,Moderate,"Forehead, Jawline",Yes,No,No,1-2 days,15–30 minutes,"Walking, Cycling",5-6 hours,Moderate,3–4 times per week,3–4 times per week,2-3 servings per days,Non-vegetarian,3,Sometimes,No,No,167.64000000000001,42.0,14.944933471134158
9/9/2026 19:18:28,24030331246049@dbatu.ac.in,yes,20,5’3,69,regular,Never,3-5 days,no,Sometimes,No,No,Forehead,Yes,No,No,1-2 days,15–30 minutes,Walking,5-6 hours,Moderate,1–2 times per week,1–2 times per week,2-3 servings per days,Both,3,Sometimes,No,No,160.02,69.0,26.946387981967195
9/9/2026 19:19:16,vidyagb24hcompe@student.mes.ac.in,yes,19,5.5,43,regular,rarely,3-5 days,no,rarely,No,Moderate,Forehead,Yes,No,No,1-2 days,Less than 15 minutes,"Walking, Yoga",7-8 hours,Moderate,1–2 times per week,Almost every day,2-3 servings per days,Non-vegetarian,4,Never,No,No,165.1,43.0,15.77517947935304
9/9/2026 20:06:19,bhagyashreebangar4@gmail.com,yes,20,153,39,regular,rarely,3-5 days,no,Never,Yes,Mild,"Chin, Forehead, Cheeks, Jawline",Yes,No,No,0 days,Less than 15 minutes,Walking,5-6 hours,Very high,Rarely,Rarely,2-3 servings per days,Vegetarian,3,Never,No,No,153.0,39.0,16.660258874791747
9/9/2026 20:45:31,sonap4881@gmail.com,yes,45,5:4,67,regular,Never,3-5 days,no,Never,No,Moderate,"Chin, Jawline",Yes,No,No,Never,Never,,5-6 hours,Moderate,Rarely,Rarely,1 serving per days,Vegetarian,3,Sometimes,No,No,162.56,67.0,25.354054614359228
9/9/2026 22:07:01,sharvarisg24hcompe@student.mes.ac.in,yes,20,4'10,46,Irregular,Frequently,3-5 days,no,Sometimes,Not sure,No,,Yes,Not Sure,Not Sure,1-2 days,15–30 minutes,Yoga,5-6 hours,High,1–2 times per week,1–2 times per week,2-3 servings per days,Vegetarian,3,Sometimes,Don't Know,Yes,147.32,46.0,21.195048335399886
9/9/2026 22:12:13,devankshirp24hecse@student.mes.ac.in,yes,20,5'4,38,Irregular,Sometimes,3-5 days,yes,rarely,Yes,Moderate,"Chin, Forehead, Cheeks, Jawline, Back",Yes,No,Yes,Never,Never,,5-6 hours,Moderate,1–2 times per week,1–2 times per week,Rarely,Vegetarian,1–2,Sometimes,No,Yes,162.56,38.0,14.379911572323145
9/9/2026 22:13:25,salonibr24hbcom@student.mes.ac.in,yes,20,5'1,57,regular,Never,6-7 days,no,rarely,No,Moderate,Cheeks,Yes,Yes,No,0 days,Never,Walking,7-8 hours,Moderate,Almost every day,1–2 times per week,1 serving per days,Vegetarian,3,Rarely,No,No,154.94,57.0,23.743664794505083
9/10/2026 17:51:51,utekarvrushali93@gmail.com,yes,26,5.6,70,Not Sure,Never,3-5 days,no,Sometimes,No,Moderate,"Chin, Forehead, Cheeks, Jawline, Chest, Back, None",No,Yes,Yes,1-2 days,Never,,7-8 hours,High,Almost every day,Almost every day,Rarely,Non-vegetarian,4,Almost every day,No,No,167.64000000000001,70.0,24.908222451890264
9/10/2026 17:59:06,lalitabhalivade7@gmail.com,yes,28,5,45,regular,Never,3-5 days,no,Sometimes,No,No,,No,No,No,Never,Never,,5-6 hours,Moderate,Rarely,3–4 times per week,Rarely,Mix,1–2,Rarely,No,No,152.4,45.0,19.375038750077497
9/10/2026 19:35:52,palankarswati18@gmail.com,yes,32,5.2,83,regular,Never,1-2 days,no,rarely,No,No,,No,Yes,No,3-4 days,More than 60 minutes,GYM,5-6 hours,Moderate,Rarely,Rarely,1 serving per days,Non-vegetarian,1–2,Almost every day,No,Yes,157.48000000000002,83.0,33.4678088711016
9/10/2026 19:39:34,bhaudankita784@gmail.com,yes,20,5,37.55,regular,Sometimes,3-5 days,no,Not sure,No,No,,Yes,No,No,1-2 days,15–30 minutes,"Walking, Yoga",5-6 hours,Moderate,Rarely,Rarely,1 serving per days,both,3,Almost every day,No,No,152.4,37.55,16.167393445898
9/10/2026 21:18:02,amypatel8880@gmail.com,yes,34,5.3,75,regular,Never,3-5 days,no,Sometimes,Yes,Mild,"Chin, Cheeks, Jawline",Yes,Yes,No,3-4 days,30–60 minutes,"Walking, GYM",5-6 hours,High,Almost every day,1–2 times per week,more than 3 servings per days,Non-vegetarian,4,Almost every day,No,Yes,160.02,75.0,29.28955215431217
9/10/2026 21:53:31,pritikondhalkar50@gmail.com,yes,40,5.1,66kg,regular,Never,3-5 days,no,rarely,No,Mild,Jawline,Yes,Yes,Yes,Never,Never,,7-8 hours,High,Rarely,1–2 times per week,Rarely,Vegetarian,1–2,Rarely,No,Yes,154.94,66.0,27.492664498900623
9/11/2026 10:56:10,srushtimhatre98@gmail.com,yes,22,5,45,regular,rarely,1-2 days,no,Never,No,Mild,"Forehead, Cheeks",Yes,No,Not Sure,Never,Never,"Walking, Cycling",5-6 hours,Moderate,1–2 times per week,1–2 times per week,1 serving per days,Non-vegetarian,1–2,Sometimes,No,No,152.4,45.0,19.375038750077497
9/11/2026 10:58:25,pratibhasd23hcompe@student.mes.ac.in,yes,20,150 cm,55,regular,Never,3-5 days,no,Sometimes,No,Moderate,Forehead,No,Not Sure,Yes,0 days,Never,Walking,7-8 hours,Low,Rarely,1–2 times per week,1 serving per days,Vegetarian,3,Never,No,No,150.0,55.0,24.444444444444443
9/11/2026 11:54:15,gitanjalirg24hdcivil@student.mes.ac.in,yes,20,5,36,regular,Never,1-2 days,yes,Never,Yes,Mild,Cheeks,Yes,No,No,3-4 days,15–30 minutes,Yoga,Less than 5 hours,Moderate,Rarely,Rarely,Rarely,Vegetarian,1–2,Rarely,No,No,152.4,36.0,15.500031000061998
